;1;2;3;4;5;6;7;8;9;10;11;12;13;14;15;16;17;18;19;20;21;22;23;24;25;26;27;28;29;30;31;32;33;34;35;36;37;38;39;40;41;42;43;44;45;46;47;48;49;50;51;52;53;54;55;56;57;58;59;60;61;62;63;64;65;66;67;68;69;70;71;72;73;74;75;76;77;78;79;80;81;82;83;84;85;86;87;88;89;90;91;92;93;94;95;96;97;98;99;100;101;102;103;104;105;106;107;108
D602;NANCY_D$23;NANCY_D$23;NANCY_D$23;NANCY_D$23;;;NANCY_D$23;NANCY_D$23;NANCY_D$23;NANCY_D$23;V30;V30;V30;V30;V30;V30;;;NANCY_D$23;NANCY_D$23;NANCY_D$23;NANCY_D$23;;;NANCY_D$23;NANCY_D$23;NANCY_D$23;NANCY_D$23;;;NANCY_D$23;NANCY_D$23;NANCY_D$23;NANCY_D$23;;;NANCY_D$23;NANCY_D$23;NANCY_D$23;NANCY_D$23;;;NANCY_D$23;NANCY_D$23;NANCY_D$23;NANCY_D$23;;;NANCY_D$23;NANCY_D$23;NANCY_D$23;NANCY_D$23;;;NANCY_D$23;NANCY_D$23;NANCY_D$23;NANCY_D$23;;;NANCY_D$23;NANCY_D$23;NANCY_D$23;NANCY_D$23;;;;;;;;;;-;-;V5;V5;V5;V5;V5;V5;;;NANCY_D$23;NANCY_D$23;NANCY_D$23;NANCY_D$23;;;NANCY_D$23;NANCY_D$23;NANCY_D$23;NANCY_D$23;;;NANCY_D$23;NANCY_D$23;NANCY_D$23;NANCY_D$23;;;NANCY_D$23;NANCY_D$23;NANCY_D$23;NANCY_D$23;;;
D603;NDJAMENA_D$60;NDJAMENA_D$60;NDJAMENA_D$60;NDJAMENA_D$60;;;;;V15;V15;V15;V15;V15;V15;;;CHAMMAL_D$80;CHAMMAL_D$80;CHAMMAL_D$80;CHAMMAL_D$80;;;NDJAMENA_D$60;NDJAMENA_D$60;NDJAMENA_D$60;NDJAMENA_D$60;;;NANCY_D$23;NANCY_D$23;NANCY_D$23;NANCY_D$23;;;NANCY_D$23;NANCY_D$23;NANCY_D$23;NANCY_D$23;;;NANCY_D$23;NANCY_D$23;NANCY_D$23;NANCY_D$23;;;;;;;;;;;-;-;-;-;-;-;-;-;-;-;-;-;-;-;-;-;-;-;-;V20;V20;V20;V20;V20;V20;;;NANCY_D$23;NANCY_D$23;NANCY_D$23;NANCY_D$23;;;NANCY_D$23;NANCY_D$23;NANCY_D$23;NANCY_D$23;;;NANCY_D$23;NANCY_D$23;NANCY_D$23;NANCY_D$23;;;NANCY_D$23;NANCY_D$23;NANCY_D$23;NANCY_D$23;;;;;
D604;NIAMEY_D$50;NIAMEY_D$50;NIAMEY_D$50;NIAMEY_D$50;;;NIAMEY_D$50;NIAMEY_D$50;NIAMEY_D$50;NIAMEY_D$50;V10;V10;V10;V10;V10;V10;;;NDJAMENA_D$60;NDJAMENA_D$60;NDJAMENA_D$60;NDJAMENA_D$60;;;NIAMEY_D$50;NIAMEY_D$50;NIAMEY_D$50;NIAMEY_D$50;;;MARSAN_D$23;MARSAN_D$23;MARSAN_D$23;MARSAN_D$23;;;MARSAN_D$23;MARSAN_D$23;MARSAN_D$23;MARSAN_D$23;;;MARSAN_D$23;MARSAN_D$23;MARSAN_D$23;MARSAN_D$23;;;MARSAN_D$23;MARSAN_D$23;MARSAN_D$23;MARSAN_D$23;;;;;;;;;;-;-;-;-;-;-;-;-;-;-;-;-;-;-;V15;V15;V15;V15;V15;V15;;;MARSAN_D$23;MARSAN_D$23;MARSAN_D$23;MARSAN_D$23;;;MARSAN_D$23;MARSAN_D$23;MARSAN_D$23;MARSAN_D$23;;;MARSAN_D$23;MARSAN_D$23;MARSAN_D$23;MARSAN_D$23;;;MARSAN_D$23;MARSAN_D$23;MARSAN_D$23;;;;
D605;-;-;-;-;-;-;-;-;-;-;-;-;-;-;-;-;-;-;-;-;-;-;V30;V30;V30;V30;V30;V30;;;NANCY_D$23;NANCY_D$23;NANCY_D$23;NANCY_D$23;;;NANCY_D$23;NANCY_D$23;NANCY_D$23;NANCY_D$23;;;NANCY_D$23;NANCY_D$23;NANCY_D$23;NANCY_D$23;;;NANCY_D$23;NANCY_D$23;NANCY_D$23;NANCY_D$23;;;NANCY_D$23;NANCY_D$23;NANCY_D$23;NANCY_D$23;;;NANCY_D$23;NANCY_D$23;NANCY_D$23;NANCY_D$23;;;NANCY_D$23;NANCY_D$23;NANCY_D$23;NANCY_D$23;;;NANCY_D$23;NANCY_D$23;NANCY_D$23;NANCY_D$23;;;;;;;;;;-;-;V5;V5;V5;V5;V5;V5;;;NANCY_D$23;NANCY_D$23;NANCY_D$23;NANCY_D$23;;;NANCY_D$23;NANCY_D$23;NANCY_D$23;NANCY_D$23;;;
D606;;NDJAMENA_D$60;NDJAMENA_D$60;NDJAMENA_D$60;NDJAMENA_D$60;;;CHAMMAL_D$80;CHAMMAL_D$80;CHAMMAL_D$80;CHAMMAL_D$80;;;NDJAMENA_D$60;NDJAMENA_D$60;NDJAMENA_D$60;NDJAMENA_D$60;;;NANCY_D$23;NANCY_D$23;NANCY_D$23;NANCY_D$23;;;;;;;;;;;-;-;-;-;-;-;-;-;-;-;-;-;-;-;-;-;-;-;-;-;-;-;-;-;-;-;-;-;-;-;V10;V10;V10;V10;V10;V10;;;NANCY_D$23;NANCY_D$23;NANCY_D$23;NANCY_D$23;;;NANCY_D$23;NANCY_D$23;NANCY_D$23;NANCY_D$23;;;NANCY_D$23;NANCY_D$23;NANCY_D$23;NANCY_D$23;;;NANCY_D$23;NANCY_D$23;NANCY_D$23;NANCY_D$23;;;NANCY_D$23;NANCY_D$23;NANCY_D$23;NANCY_D$23;;;NANCY_D$23;NANCY_D$23;NANCY_D$23;NANCY_D$23;;;
D607;;NANCY_D$23;NANCY_D$23;NANCY_D$23;NANCY_D$23;;;NANCY_D$23;NANCY_D$23;NANCY_D$23;NANCY_D$23;;;NANCY_D$23;NANCY_D$23;NANCY_D$23;NANCY_D$23;;;NANCY_D$23;NANCY_D$23;NANCY_D$23;NANCY_D$23;;;NANCY_D$23;NANCY_D$23;NANCY_D$23;NANCY_D$23;;;NANCY_D$23;NANCY_D$23;NANCY_D$23;NANCY_D$23;;;;;;;;;;-;-;-;-;-;-;-;-;-;-;-;-;-;-;-;-;-;-;-;V5;V5;V5;V5;V5;V5;;;NANCY_D$23;NANCY_D$23;NANCY_D$23;NANCY_D$23;;;NANCY_D$23;NANCY_D$23;NANCY_D$23;NANCY_D$23;;;NANCY_D$23;NANCY_D$23;NANCY_D$23;NANCY_D$23;;;NANCY_D$23;NANCY_D$23;NANCY_D$23;NANCY_D$23;;;NANCY_D$23;NANCY_D$23;NANCY_D$23;NANCY_D$23;;;NANCY_D$23;NANCY_D$23;NANCY_D$23;NANCY_D$23;;;
D609;;;;;;;;;;;;-;-;-;-;-;-;-;-;-;V10;V10;V10;V10;V10;V10;;;CHAMMAL_D$80;CHAMMAL_D$80;CHAMMAL_D$80;CHAMMAL_D$80;;;NANCY_D$23;NANCY_D$23;NANCY_D$23;NANCY_D$23;;;NANCY_D$23;NANCY_D$23;NANCY_D$23;NANCY_D$23;;;NANCY_D$23;NANCY_D$23;NANCY_D$23;NANCY_D$23;;;NANCY_D$23;NANCY_D$23;NANCY_D$23;NANCY_D$23;;;NANCY_D$23;NANCY_D$23;NANCY_D$23;NANCY_D$23;;;;;;;;;;;;-;-;-;-;-;-;-;-;-;-;-;-;V15;V15;V15;V15;V15;V15;;;NANCY_D$23;NANCY_D$23;NANCY_D$23;NANCY_D$23;;;NANCY_D$23;NANCY_D$23;NANCY_D$23;NANCY_D$23;;;;;
D610;;;NANCY_D$23;NANCY_D$23;NANCY_D$23;NANCY_D$23;;;NANCY_D$23;NANCY_D$23;NANCY_D$23;NANCY_D$23;;;NANCY_D$23;NANCY_D$23;NANCY_D$23;NANCY_D$23;;;NANCY_D$23;NANCY_D$23;NANCY_D$23;NANCY_D$23;;;NANCY_D$23;NANCY_D$23;NANCY_D$23;NANCY_D$23;;;NANCY_D$23;NANCY_D$23;NANCY_D$23;NANCY_D$23;;;NANCY_D$23;NANCY_D$23;NANCY_D$23;NANCY_D$23;;;NANCY_D$23;NANCY_D$23;NANCY_D$23;NANCY_D$23;;;;;;;;;;-;-;-;-;-;-;-;V30;V30;V30;V30;V30;V30;;;NANCY_D$23;NANCY_D$23;NANCY_D$23;NANCY_D$23;;;NANCY_D$23;NANCY_D$23;NANCY_D$23;NANCY_D$23;;;NANCY_D$23;NANCY_D$23;NANCY_D$23;NANCY_D$23;;;NANCY_D$23;NANCY_D$23;NANCY_D$23;NANCY_D$23;;;NANCY_D$23;NANCY_D$23;NANCY_D$23;NANCY_D$23;;;NANCY_D$23;NANCY_D$23;NANCY_D$23;NANCY_D$23;;
D611;;;NANCY_D$23;NANCY_D$23;NANCY_D$23;NANCY_D$23;;V10;V10;V10;V10;V10;V10;;;NANCY_D$23;NANCY_D$23;NANCY_D$23;NANCY_D$23;;;NANCY_D$23;NANCY_D$23;NANCY_D$23;NANCY_D$23;;;NANCY_D$23;NANCY_D$23;NANCY_D$23;NANCY_D$23;;;NANCY_D$23;NANCY_D$23;NANCY_D$23;NANCY_D$23;;;NANCY_D$23;NANCY_D$23;NANCY_D$23;NANCY_D$23;;;NANCY_D$23;NANCY_D$23;NANCY_D$23;NANCY_D$23;;;NANCY_D$23;NANCY_D$23;NANCY_D$23;NANCY_D$23;;;NANCY_D$23;NANCY_D$23;NANCY_D$23;NANCY_D$23;;;;;;;;;;-;-;V15;V15;V15;V15;V15;V15;;;NANCY_D$23;NANCY_D$23;NANCY_D$23;NANCY_D$23;;;NANCY_D$23;NANCY_D$23;NANCY_D$23;NANCY_D$23;;;NANCY_D$23;NANCY_D$23;NANCY_D$23;NANCY_D$23;;;NANCY_D$23;NANCY_D$23;NANCY_D$23;NANCY_D$23;;;;;;
D613;;;NANCY_D$23;NANCY_D$23;NANCY_D$23;NANCY_D$23;V10;V10;V10;V10;V10;V10;;;NANCY_D$23;NANCY_D$23;NANCY_D$23;NANCY_D$23;;;NANCY_D$23;NANCY_D$23;NANCY_D$23;NANCY_D$23;;;NANCY_D$23;NANCY_D$23;NANCY_D$23;NANCY_D$23;;;NANCY_D$23;NANCY_D$23;NANCY_D$23;NANCY_D$23;;;NANCY_D$23;NANCY_D$23;NANCY_D$23;NANCY_D$23;;;NANCY_D$23;NANCY_D$23;NANCY_D$23;NANCY_D$23;;;NANCY_D$23;NANCY_D$23;NANCY_D$23;NANCY_D$23;;;NANCY_D$23;NANCY_D$23;NANCY_D$23;NANCY_D$23;;;;;;;;;;-;-;V15;V15;V15;V15;V15;V15;;;NANCY_D$23;NANCY_D$23;NANCY_D$23;NANCY_D$23;;;NANCY_D$23;NANCY_D$23;NANCY_D$23;NANCY_D$23;;;NANCY_D$23;NANCY_D$23;NANCY_D$23;NANCY_D$23;;;NANCY_D$23;NANCY_D$23;NANCY_D$23;NANCY_D$23;;;;;;;
D614;;NIAMEY_D$50;NIAMEY_D$50;NIAMEY_D$50;NIAMEY_D$50;;;;;;;;-;-;-;-;-;-;V30;V30;V30;V30;V30;V30;;;NANCY_D$23;NANCY_D$23;NANCY_D$23;NANCY_D$23;;;NANCY_D$23;NANCY_D$23;NANCY_D$23;NANCY_D$23;;;NANCY_D$23;NANCY_D$23;NANCY_D$23;NANCY_D$23;;;CHAMMAL_D$80;CHAMMAL_D$80;CHAMMAL_D$80;CHAMMAL_D$80;;;NDJAMENA_D$60;NDJAMENA_D$60;NDJAMENA_D$60;NDJAMENA_D$60;;;;;;;;;;;-;-;-;-;-;-;-;-;-;-;-;-;-;-;-;-;-;-;-;V5;V5;V5;V5;V5;V5;;;NANCY_D$23;NANCY_D$23;NANCY_D$23;NANCY_D$23;;;NANCY_D$23;NANCY_D$23;NANCY_D$23;NANCY_D$23;;;;;;;
D615;;;;;;;;V10;V10;V10;V10;V10;V10;;;CHAMMAL_D$80;CHAMMAL_D$80;CHAMMAL_D$80;CHAMMAL_D$80;;;NANCY_D$23;NANCY_D$23;NANCY_D$23;NANCY_D$23;;;NANCY_D$23;NANCY_D$23;NANCY_D$23;NANCY_D$23;;;NANCY_D$23;NANCY_D$23;NANCY_D$23;NANCY_D$23;;;NANCY_D$23;NANCY_D$23;NANCY_D$23;NANCY_D$23;;;NANCY_D$23;NANCY_D$23;NANCY_D$23;NANCY_D$23;;;;;;;;;;;;-;-;-;-;-;-;-;-;-;-;-;-;V15;V15;V15;V15;V15;V15;;;NANCY_D$23;NANCY_D$23;NANCY_D$23;NANCY_D$23;;;NANCY_D$23;NANCY_D$23;NANCY_D$23;NANCY_D$23;;;NANCY_D$23;NANCY_D$23;NANCY_D$23;NANCY_D$23;;;NANCY_D$23;NANCY_D$23;NANCY_D$23;NANCY_D$23;;;;;;
D616;V25;V25;V25;V25;V25;V25;;;NANCY_D$23;NANCY_D$23;NANCY_D$23;NANCY_D$23;;;NANCY_D$23;NANCY_D$23;NANCY_D$23;NANCY_D$23;;;NANCY_D$23;NANCY_D$23;NANCY_D$23;NANCY_D$23;;;NANCY_D$23;NANCY_D$23;NANCY_D$23;NANCY_D$23;;;NANCY_D$23;NANCY_D$23;NANCY_D$23;NANCY_D$23;;;NANCY_D$23;NANCY_D$23;NANCY_D$23;NANCY_D$23;;;NANCY_D$23;NANCY_D$23;NANCY_D$23;NANCY_D$23;;;NANCY_D$23;NANCY_D$23;NANCY_D$23;NANCY_D$23;;;;;;;;;;-;-;V30;V30;V30;V30;V30;V30;;;NANCY_D$23;NANCY_D$23;NANCY_D$23;NANCY_D$23;;;NANCY_D$23;NANCY_D$23;NANCY_D$23;NANCY_D$23;;;NANCY_D$23;NANCY_D$23;NANCY_D$23;NANCY_D$23;;;NANCY_D$23;NANCY_D$23;NANCY_D$23;NANCY_D$23;;;NANCY_D$23;NANCY_D$23;NANCY_D$23;NANCY_D$23;;;;;;;
D617;;;NANCY_D$23;NANCY_D$23;NANCY_D$23;NANCY_D$23;;;NANCY_D$23;NANCY_D$23;NANCY_D$23;NANCY_D$23;;;;;;;;;;V15;V15;V15;V15;V15;V15;;;CHAMMAL_D$80;CHAMMAL_D$80;CHAMMAL_D$80;CHAMMAL_D$80;;;NIAMEY_D$50;NIAMEY_D$50;NIAMEY_D$50;NIAMEY_D$50;;;CHAMMAL_D$80;CHAMMAL_D$80;CHAMMAL_D$80;CHAMMAL_D$80;;;NANCY_D$23;NANCY_D$23;NANCY_D$23;NANCY_D$23;;;;;;;-;-;-;-;-;-;-;-;-;-;-;-;-;-;-;-;-;-;-;-;-;-;-;-;-;-;-;-;-;V20;V20;V20;V20;V20;V20;;;NANCY_D$23;NANCY_D$23;NANCY_D$23;NANCY_D$23;;;NANCY_D$23;NANCY_D$23;NANCY_D$23;NANCY_D$23;;;;
D618;;;;;V5;V5;V5;V5;V5;V5;;;NANCY_D$23;NANCY_D$23;NANCY_D$23;NANCY_D$23;;;NANCY_D$23;NANCY_D$23;NANCY_D$23;NANCY_D$23;;;NANCY_D$23;NANCY_D$23;NANCY_D$23;NANCY_D$23;;;NANCY_D$23;NANCY_D$23;NANCY_D$23;NANCY_D$23;;;NANCY_D$23;NANCY_D$23;NANCY_D$23;NANCY_D$23;;;NANCY_D$23;NANCY_D$23;NANCY_D$23;NANCY_D$23;;;NANCY_D$23;NANCY_D$23;NANCY_D$23;NANCY_D$23;;;NANCY_D$23;NANCY_D$23;NANCY_D$23;NANCY_D$23;;;;;;;;;;-;-;V10;V10;V10;V10;V10;V10;;;NANCY_D$23;NANCY_D$23;NANCY_D$23;NANCY_D$23;;;NANCY_D$23;NANCY_D$23;NANCY_D$23;NANCY_D$23;;;NANCY_D$23;NANCY_D$23;NANCY_D$23;NANCY_D$23;;;NANCY_D$23;NANCY_D$23;NANCY_D$23;NANCY_D$23;;;NANCY_D$23;NANCY_D$23;NANCY_D$23;NANCY_D$23;;;
D620;;;NANCY_D$23;NANCY_D$23;NANCY_D$23;NANCY_D$23;;V10;V10;V10;V10;V10;V10;;;NANCY_D$23;NANCY_D$23;NANCY_D$23;NANCY_D$23;;;NANCY_D$23;NANCY_D$23;NANCY_D$23;NANCY_D$23;;;NANCY_D$23;NANCY_D$23;NANCY_D$23;NANCY_D$23;;;NANCY_D$23;NANCY_D$23;NANCY_D$23;NANCY_D$23;;;NANCY_D$23;NANCY_D$23;NANCY_D$23;NANCY_D$23;;;NANCY_D$23;NANCY_D$23;NANCY_D$23;NANCY_D$23;;;NANCY_D$23;NANCY_D$23;NANCY_D$23;NANCY_D$23;;;NANCY_D$23;NANCY_D$23;NANCY_D$23;NANCY_D$23;;;;;;;;;;-;-;V15;V15;V15;V15;V15;V15;;;NANCY_D$23;NANCY_D$23;NANCY_D$23;NANCY_D$23;;;NANCY_D$23;NANCY_D$23;NANCY_D$23;NANCY_D$23;;;NANCY_D$23;NANCY_D$23;NANCY_D$23;NANCY_D$23;;;NANCY_D$23;NANCY_D$23;NANCY_D$23;NANCY_D$23;;;;;;
D622;;;NANCY_D$23;NANCY_D$23;NANCY_D$23;NANCY_D$23;;;NANCY_D$23;NANCY_D$23;NANCY_D$23;NANCY_D$23;;;NANCY_D$23;NANCY_D$23;NANCY_D$23;NANCY_D$23;;;NANCY_D$23;NANCY_D$23;NANCY_D$23;NANCY_D$23;;;NANCY_D$23;NANCY_D$23;NANCY_D$23;NANCY_D$23;;;NANCY_D$23;NANCY_D$23;NANCY_D$23;NANCY_D$23;;;;;;;;;V10;V10;V10;V10;V10;V10;;;CHAMMAL_D$80;CHAMMAL_D$80;CHAMMAL_D$80;CHAMMAL_D$80;;;NANCY_D$23;NANCY_D$23;NANCY_D$23;NANCY_D$23;;;NANCY_D$23;NANCY_D$23;NANCY_D$23;NANCY_D$23;;;NANCY_D$23;NANCY_D$23;NANCY_D$23;NANCY_D$23;;;NANCY_D$23;NANCY_D$23;NANCY_D$23;NANCY_D$23;;;NANCY_D$23;NANCY_D$23;NANCY_D$23;NANCY_D$23;;;;;;;;;;;;-;-;-;-;-;-;;;;;
D623;;;NANCY_D$23;NANCY_D$23;NANCY_D$23;NANCY_D$23;;V10;V10;V10;V10;V10;V10;;;NANCY_D$23;NANCY_D$23;NANCY_D$23;NANCY_D$23;;;NANCY_D$23;NANCY_D$23;NANCY_D$23;NANCY_D$23;;;NANCY_D$23;NANCY_D$23;NANCY_D$23;NANCY_D$23;;;NANCY_D$23;NANCY_D$23;NANCY_D$23;NANCY_D$23;;;NANCY_D$23;NANCY_D$23;NANCY_D$23;NANCY_D$23;;;NANCY_D$23;NANCY_D$23;NANCY_D$23;NANCY_D$23;;;NANCY_D$23;NANCY_D$23;NANCY_D$23;NANCY_D$23;;;NANCY_D$23;NANCY_D$23;NANCY_D$23;NANCY_D$23;;;;;;;;;;-;-;V15;V15;V15;V15;V15;V15;;;NANCY_D$23;NANCY_D$23;NANCY_D$23;NANCY_D$23;;;NANCY_D$23;NANCY_D$23;NANCY_D$23;NANCY_D$23;;;NANCY_D$23;NANCY_D$23;NANCY_D$23;NANCY_D$23;;;NANCY_D$23;NANCY_D$23;NANCY_D$23;NANCY_D$23;;;;;;
D624;;;;;;;;;;;;V10;V10;V10;V10;V10;V10;;;NANCY_D$23;NANCY_D$23;NANCY_D$23;NANCY_D$23;;;NANCY_D$23;NANCY_D$23;NANCY_D$23;NANCY_D$23;;;NANCY_D$23;NANCY_D$23;NANCY_D$23;NANCY_D$23;;;NANCY_D$23;NANCY_D$23;NANCY_D$23;NANCY_D$23;;;NANCY_D$23;NANCY_D$23;NANCY_D$23;NANCY_D$23;;;NANCY_D$23;NANCY_D$23;NANCY_D$23;NANCY_D$23;;;NANCY_D$23;NANCY_D$23;NANCY_D$23;NANCY_D$23;;;NANCY_D$23;NANCY_D$23;NANCY_D$23;NANCY_D$23;;;;;;;;;;-;-;V15;V15;V15;V15;V15;V15;;;NANCY_D$23;NANCY_D$23;NANCY_D$23;NANCY_D$23;;;NANCY_D$23;NANCY_D$23;NANCY_D$23;NANCY_D$23;;;NANCY_D$23;NANCY_D$23;NANCY_D$23;NANCY_D$23;;;NANCY_D$23;NANCY_D$23;NANCY_D$23;NANCY_D$23;;
D625;;;;;;;;;;;;;;-;-;-;-;-;-;-;-;-;-;-;-;-;-;-;V10;V10;V10;V10;V10;V10;;;CHAMMAL_D$80;CHAMMAL_D$80;CHAMMAL_D$80;CHAMMAL_D$80;;;NANCY_D$23;NANCY_D$23;NANCY_D$23;NANCY_D$23;;;NIAMEY_D$50;NIAMEY_D$50;NIAMEY_D$50;NIAMEY_D$50;;;CHAMMAL_D$80;CHAMMAL_D$80;CHAMMAL_D$80;CHAMMAL_D$80;;;;;;;-;-;-;-;-;-;-;-;-;-;-;-;-;-;-;-;-;-;-;-;-;-;-;-;-;-;-;-;-;V15;V15;V15;V15;V15;V15;;;NANCY_D$23;NANCY_D$23;NANCY_D$23;NANCY_D$23;;;
D626;;;NANCY_D$23;NANCY_D$23;NANCY_D$23;NANCY_D$23;;;NANCY_D$23;NANCY_D$23;NANCY_D$23;NANCY_D$23;;;V10;V10;V10;V10;V10;V10;;;NANCY_D$23;NANCY_D$23;NANCY_D$23;NANCY_D$23;;;NANCY_D$23;NANCY_D$23;NANCY_D$23;NANCY_D$23;;;NANCY_D$23;NANCY_D$23;NANCY_D$23;NANCY_D$23;;;NANCY_D$23;NANCY_D$23;NANCY_D$23;NANCY_D$23;;;NANCY_D$23;NANCY_D$23;NANCY_D$23;NANCY_D$23;;;NANCY_D$23;NANCY_D$23;NANCY_D$23;NANCY_D$23;;;NANCY_D$23;NANCY_D$23;NANCY_D$23;NANCY_D$23;;;NANCY_D$23;NANCY_D$23;NANCY_D$23;NANCY_D$23;;;;;;;;;;-;-;V15;V15;V15;V15;V15;V15;;;NANCY_D$23;NANCY_D$23;NANCY_D$23;NANCY_D$23;;;NANCY_D$23;NANCY_D$23;NANCY_D$23;NANCY_D$23;;;NANCY_D$23;NANCY_D$23;NANCY_D$23;NANCY_D$23;;;;;
D627;;;NANCY_D$23;NANCY_D$23;NANCY_D$23;NANCY_D$23;;;NANCY_D$23;NANCY_D$23;NANCY_D$23;NANCY_D$23;;;NANCY_D$23;NANCY_D$23;NANCY_D$23;NANCY_D$23;;;NANCY_D$23;NANCY_D$23;NANCY_D$23;NANCY_D$23;;;NANCY_D$23;NANCY_D$23;NANCY_D$23;NANCY_D$23;;;NANCY_D$23;NANCY_D$23;NANCY_D$23;NANCY_D$23;;V10;V10;V10;V10;V10;V10;;;NANCY_D$23;NANCY_D$23;NANCY_D$23;NANCY_D$23;;;NANCY_D$23;NANCY_D$23;NANCY_D$23;NANCY_D$23;;;NANCY_D$23;NANCY_D$23;NANCY_D$23;NANCY_D$23;;;NANCY_D$23;NANCY_D$23;NANCY_D$23;NANCY_D$23;;;NANCY_D$23;NANCY_D$23;NANCY_D$23;NANCY_D$23;;;NANCY_D$23;NANCY_D$23;NANCY_D$23;NANCY_D$23;;;NANCY_D$23;NANCY_D$23;NANCY_D$23;NANCY_D$23;;;NANCY_D$23;NANCY_D$23;NANCY_D$23;NANCY_D$23;;;;;;;;;;-;-;V15;V15;V15;V15;V15;V15
D628;;;NANCY_D$23;NANCY_D$23;NANCY_D$23;NANCY_D$23;;;;;V10;V10;V10;V10;V10;V10;;;NANCY_D$23;NANCY_D$23;NANCY_D$23;NANCY_D$23;;;NANCY_D$23;NANCY_D$23;NANCY_D$23;NANCY_D$23;;;NANCY_D$23;NANCY_D$23;NANCY_D$23;NANCY_D$23;;;NANCY_D$23;NANCY_D$23;NANCY_D$23;NANCY_D$23;;;NANCY_D$23;NANCY_D$23;NANCY_D$23;NANCY_D$23;;;NANCY_D$23;NANCY_D$23;NANCY_D$23;NANCY_D$23;;;NANCY_D$23;NANCY_D$23;NANCY_D$23;NANCY_D$23;;;NANCY_D$23;NANCY_D$23;NANCY_D$23;NANCY_D$23;;;;;;;;;;-;-;V15;V15;V15;V15;V15;V15;;;NANCY_D$23;NANCY_D$23;NANCY_D$23;NANCY_D$23;;;NANCY_D$23;NANCY_D$23;NANCY_D$23;NANCY_D$23;;;NANCY_D$23;NANCY_D$23;NANCY_D$23;NANCY_D$23;;;NANCY_D$23;NANCY_D$23;NANCY_D$23;NANCY_D$23;;;
D629;;;NANCY_D$23;NANCY_D$23;NANCY_D$23;NANCY_D$23;;;NANCY_D$23;NANCY_D$23;NANCY_D$23;NANCY_D$23;;;;;;;-;-;-;-;-;-;-;-;-;-;-;-;V10;V10;V10;V10;V10;V10;;;NDJAMENA_D$60;NDJAMENA_D$60;NDJAMENA_D$60;NDJAMENA_D$60;;;NIAMEY_D$50;NIAMEY_D$50;NIAMEY_D$50;NIAMEY_D$50;;;NDJAMENA_D$60;NDJAMENA_D$60;NDJAMENA_D$60;NDJAMENA_D$60;;;NIAMEY_D$50;NIAMEY_D$50;NIAMEY_D$50;NIAMEY_D$50;;;;;;;;;;-;-;-;-;-;-;-;-;-;-;-;-;-;-;-;-;-;-;-;-;-;-;-;-;-;-;V15;V15;V15;V15;V15;V15;;;;;;;
D630;;;NANCY_D$23;NANCY_D$23;NANCY_D$23;NANCY_D$23;;;NANCY_D$23;NANCY_D$23;NANCY_D$23;NANCY_D$23;V10;V10;V10;V10;V10;V10;;;NANCY_D$23;NANCY_D$23;NANCY_D$23;NANCY_D$23;;;NANCY_D$23;NANCY_D$23;NANCY_D$23;NANCY_D$23;;;NANCY_D$23;NANCY_D$23;NANCY_D$23;NANCY_D$23;;;NANCY_D$23;NANCY_D$23;NANCY_D$23;NANCY_D$23;;;NANCY_D$23;NANCY_D$23;NANCY_D$23;NANCY_D$23;;;NANCY_D$23;NANCY_D$23;NANCY_D$23;NANCY_D$23;;;NANCY_D$23;NANCY_D$23;NANCY_D$23;NANCY_D$23;;;NANCY_D$23;NANCY_D$23;NANCY_D$23;NANCY_D$23;;;;;;;;;;-;-;V15;V15;V15;V15;V15;V15;;;NANCY_D$23;NANCY_D$23;NANCY_D$23;NANCY_D$23;;;NANCY_D$23;NANCY_D$23;NANCY_D$23;NANCY_D$23;;;NANCY_D$23;NANCY_D$23;NANCY_D$23;NANCY_D$23;;;;;;;
D631;;;;;;;;;;;;;-;-;-;-;-;-;-;-;V10;V10;V10;V10;V10;V10;;;NANCY_D$23;NANCY_D$23;NANCY_D$23;NANCY_D$23;;;NANCY_D$23;NANCY_D$23;NANCY_D$23;NANCY_D$23;;;NANCY_D$23;NANCY_D$23;NANCY_D$23;NANCY_D$23;;;NANCY_D$23;NANCY_D$23;NANCY_D$23;NANCY_D$23;;;NANCY_D$23;NANCY_D$23;NANCY_D$23;NANCY_D$23;;;NANCY_D$23;NANCY_D$23;NANCY_D$23;NANCY_D$23;;;NANCY_D$23;NANCY_D$23;NANCY_D$23;NANCY_D$23;;;NANCY_D$23;NANCY_D$23;NANCY_D$23;NANCY_D$23;;;;;;;;;;-;-;V15;V15;V15;V15;V15;V15;;;NANCY_D$23;NANCY_D$23;NANCY_D$23;NANCY_D$23;;;NANCY_D$23;NANCY_D$23;NANCY_D$23;NANCY_D$23;;;;;
D632;;;;;;;;;;;V10;V10;V10;V10;V10;V10;;;NIAMEY_D$50;NIAMEY_D$50;NIAMEY_D$50;NIAMEY_D$50;;;CHAMMAL_D$80;CHAMMAL_D$80;CHAMMAL_D$80;CHAMMAL_D$80;;;NANCY_D$23;NANCY_D$23;NANCY_D$23;NANCY_D$23;;;NANCY_D$23;NANCY_D$23;NANCY_D$23;NANCY_D$23;;;NANCY_D$23;NANCY_D$23;NANCY_D$23;NANCY_D$23;;;;;;;;;;;;;-;-;-;-;-;-;-;-;-;-;-;-;-;-;-;-;-;V15;V15;V15;V15;V15;V15;;;NANCY_D$23;NANCY_D$23;NANCY_D$23;NANCY_D$23;;;NANCY_D$23;NANCY_D$23;NANCY_D$23;NANCY_D$23;;;NANCY_D$23;NANCY_D$23;NANCY_D$23;NANCY_D$23;;;NANCY_D$23;NANCY_D$23;NANCY_D$23;NANCY_D$23;;;
D634;;;NANCY_D$23;NANCY_D$23;NANCY_D$23;NANCY_D$23;;;NANCY_D$23;NANCY_D$23;NANCY_D$23;NANCY_D$23;;;NANCY_D$23;NANCY_D$23;NANCY_D$23;NANCY_D$23;;;NANCY_D$23;NANCY_D$23;NANCY_D$23;NANCY_D$23;;;NANCY_D$23;NANCY_D$23;NANCY_D$23;NANCY_D$23;;;NANCY_D$23;NANCY_D$23;NANCY_D$23;NANCY_D$23;;;NANCY_D$23;NANCY_D$23;NANCY_D$23;NANCY_D$23;;;NANCY_D$23;NANCY_D$23;NANCY_D$23;NANCY_D$23;;;;;V10;V10;V10;V10;V10;V10;;;NANCY_D$23;NANCY_D$23;NANCY_D$23;NANCY_D$23;;;NANCY_D$23;NANCY_D$23;NANCY_D$23;NANCY_D$23;;;NANCY_D$23;NANCY_D$23;NANCY_D$23;NANCY_D$23;;;NANCY_D$23;NANCY_D$23;NANCY_D$23;NANCY_D$23;;;NANCY_D$23;NANCY_D$23;NANCY_D$23;NANCY_D$23;;;NANCY_D$23;NANCY_D$23;NANCY_D$23;NANCY_D$23;;;NANCY_D$23;NANCY_D$23;NANCY_D$23;NANCY_D$23;;;NANCY_D$23;NANCY_D$23;NANCY_D$23;NANCY_D$23;;
D635;;;NANCY_D$23;NANCY_D$23;NANCY_D$23;NANCY_D$23;;;;;;;;;;-;-;-;-;-;-;-;-;-;-;-;-;-;-;-;-;V10;V10;V10;V10;V10;V10;;;CHAMMAL_D$80;CHAMMAL_D$80;CHAMMAL_D$80;CHAMMAL_D$80;;;CHAMMAL_D$80;CHAMMAL_D$80;CHAMMAL_D$80;CHAMMAL_D$80;;;NANCY_D$23;NANCY_D$23;NANCY_D$23;NANCY_D$23;;;NANCY_D$23;NANCY_D$23;NANCY_D$23;NANCY_D$23;;;NANCY_D$23;NANCY_D$23;NANCY_D$23;NANCY_D$23;;;;;;-;-;-;-;-;-;-;-;-;-;-;-;-;-;-;-;-;-;-;-;-;-;-;-;V15;V15;V15;V15;V15;V15;;;;;;
D636;;;NANCY_D$23;NANCY_D$23;NANCY_D$23;NANCY_D$23;;;NANCY_D$23;NANCY_D$23;NANCY_D$23;NANCY_D$23;;;;;;;;V10;V10;V10;V10;V10;V10;;;CHAMMAL_D$80;CHAMMAL_D$80;CHAMMAL_D$80;CHAMMAL_D$80;;;NDJAMENA_D$60;NDJAMENA_D$60;NDJAMENA_D$60;NDJAMENA_D$60;;;NANCY_D$23;NANCY_D$23;NANCY_D$23;NANCY_D$23;;;NANCY_D$23;NANCY_D$23;NANCY_D$23;NANCY_D$23;;;NANCY_D$23;NANCY_D$23;NANCY_D$23;NANCY_D$23;;;;;;;;;;;-;-;-;-;-;-;-;-;-;-;-;-;-;-;-;-;-;-;-;V15;V15;V15;V15;V15;V15;;;NANCY_D$23;NANCY_D$23;NANCY_D$23;NANCY_D$23;;;NANCY_D$23;NANCY_D$23;NANCY_D$23;NANCY_D$23;;;;;;
D637;;;NANCY_D$23;NANCY_D$23;NANCY_D$23;NANCY_D$23;;;NANCY_D$23;NANCY_D$23;NANCY_D$23;NANCY_D$23;;;NANCY_D$23;NANCY_D$23;NANCY_D$23;NANCY_D$23;;;NANCY_D$23;NANCY_D$23;NANCY_D$23;NANCY_D$23;;;;;;;;;;;;;-;-;-;-;-;-;-;-;V10;V10;V10;V10;V10;V10;;;CHAMMAL_D$80;CHAMMAL_D$80;CHAMMAL_D$80;CHAMMAL_D$80;;;NANCY_D$23;NANCY_D$23;NANCY_D$23;NANCY_D$23;;;NANCY_D$23;NANCY_D$23;NANCY_D$23;NANCY_D$23;;;NANCY_D$23;NANCY_D$23;NANCY_D$23;NANCY_D$23;;;NANCY_D$23;NANCY_D$23;NANCY_D$23;NANCY_D$23;;;NANCY_D$23;NANCY_D$23;NANCY_D$23;NANCY_D$23;;;;;;;;;;;;-;-;-;-;-;-;;;;;
D638;;;NANCY_D$23;NANCY_D$23;NANCY_D$23;NANCY_D$23;;;NANCY_D$23;NANCY_D$23;NANCY_D$23;NANCY_D$23;;;NANCY_D$23;NANCY_D$23;NANCY_D$23;NANCY_D$23;;;NANCY_D$23;NANCY_D$23;NANCY_D$23;NANCY_D$23;;;NANCY_D$23;NANCY_D$23;NANCY_D$23;NANCY_D$23;;;;;;;-;-;-;-;-;V10;V10;V10;V10;V10;V10;;;NANCY_D$23;NANCY_D$23;NANCY_D$23;NANCY_D$23;;;NANCY_D$23;NANCY_D$23;NANCY_D$23;NANCY_D$23;;;NANCY_D$23;NANCY_D$23;NANCY_D$23;NANCY_D$23;;;NANCY_D$23;NANCY_D$23;NANCY_D$23;NANCY_D$23;;;NANCY_D$23;NANCY_D$23;NANCY_D$23;NANCY_D$23;;;NANCY_D$23;NANCY_D$23;NANCY_D$23;NANCY_D$23;;;NANCY_D$23;NANCY_D$23;NANCY_D$23;NANCY_D$23;;;NANCY_D$23;NANCY_D$23;NANCY_D$23;NANCY_D$23;;;;;;;;;;;;;
D639;;;NANCY_D$23;NANCY_D$23;NANCY_D$23;NANCY_D$23;;;NANCY_D$23;NANCY_D$23;NANCY_D$23;NANCY_D$23;;;NDJAMENA_D$60;NDJAMENA_D$60;NDJAMENA_D$60;NDJAMENA_D$60;;;NANCY_D$23;NANCY_D$23;NANCY_D$23;NANCY_D$23;;;NANCY_D$23;NANCY_D$23;NANCY_D$23;NANCY_D$23;;;;;;;-;-;V10;V10;V10;V10;V10;V10;;;NDJAMENA_D$60;NDJAMENA_D$60;NDJAMENA_D$60;NDJAMENA_D$60;;;NANCY_D$23;NANCY_D$23;NANCY_D$23;NANCY_D$23;;;NANCY_D$23;NANCY_D$23;NANCY_D$23;NANCY_D$23;;;NANCY_D$23;NANCY_D$23;NANCY_D$23;NANCY_D$23;;;NDJAMENA_D$60;NDJAMENA_D$60;;;NANCY_D$23;NANCY_D$23;NANCY_D$23;NANCY_D$23;;;NANCY_D$23;NANCY_D$23;NANCY_D$23;NANCY_D$23;;;;;;;;-;-;-;-;-;-;-;-;-;-;-;-;;;;;
D640;;;NANCY_D$23;NANCY_D$23;NANCY_D$23;NANCY_D$23;;;NANCY_D$23;NANCY_D$23;NANCY_D$23;NANCY_D$23;;;NANCY_D$23;NANCY_D$23;NANCY_D$23;NANCY_D$23;;;NANCY_D$23;NANCY_D$23;NANCY_D$23;NANCY_D$23;;;NANCY_D$23;NANCY_D$23;NANCY_D$23;NANCY_D$23;;;CHAMMAL_D$80;CHAMMAL_D$80;CHAMMAL_D$80;CHAMMAL_D$80;;;;;;;;;;;;-;-;-;-;-;-;-;-;-;V10;V10;V10;V10;V10;V10;;;NDJAMENA_D$60;NDJAMENA_D$60;NDJAMENA_D$60;NDJAMENA_D$60;;;CHAMMAL_D$80;CHAMMAL_D$80;;;NANCY_D$23;NANCY_D$23;NANCY_D$23;NANCY_D$23;;;NANCY_D$23;NANCY_D$23;NANCY_D$23;NANCY_D$23;;;NANCY_D$23;NANCY_D$23;NANCY_D$23;NANCY_D$23;;;NANCY_D$23;NANCY_D$23;NANCY_D$23;NANCY_D$23;;;;;;;;;;;;
D641;;;NANCY_D$23;NANCY_D$23;NANCY_D$23;NANCY_D$23;;;NANCY_D$23;NANCY_D$23;NANCY_D$23;NANCY_D$23;;;NANCY_D$23;NANCY_D$23;NANCY_D$23;NANCY_D$23;;;CHAMMAL_D$80;CHAMMAL_D$80;CHAMMAL_D$80;CHAMMAL_D$80;;;NANCY_D$23;NANCY_D$23;NANCY_D$23;NANCY_D$23;;;NANCY_D$23;NANCY_D$23;NANCY_D$23;NANCY_D$23;;;;;;;;;;-;-;-;-;-;-;-;-;V10;V10;V10;V10;V10;V10;;;CHAMMAL_D$80;CHAMMAL_D$80;CHAMMAL_D$80;CHAMMAL_D$80;;;NIAMEY_D$50;NIAMEY_D$50;NIAMEY_D$50;;;NANCY_D$23;NANCY_D$23;NANCY_D$23;NANCY_D$23;;;NANCY_D$23;NANCY_D$23;NANCY_D$23;NANCY_D$23;;;NANCY_D$23;NANCY_D$23;NANCY_D$23;NANCY_D$23;;;NANCY_D$23;NANCY_D$23;NANCY_D$23;NANCY_D$23;;;;;;;;;-;;;;;
D642;MARSAN_D$23;MARSAN_D$23;MARSAN_D$23;MARSAN_D$23;;;NDJAMENA_D$60;NDJAMENA_D$60;NDJAMENA_D$60;NDJAMENA_D$60;;;CHAMMAL_D$80;CHAMMAL_D$80;CHAMMAL_D$80;CHAMMAL_D$80;;;NIAMEY_D$50;NIAMEY_D$50;NIAMEY_D$50;NIAMEY_D$50;;;MARSAN_D$23;MARSAN_D$23;MARSAN_D$23;MARSAN_D$23;;;;;;;-;-;-;-;-;-;-;-;-;-;-;-;-;-;-;-;-;-;-;-;-;-;V10;V10;V10;V10;V10;V10;;;MARSAN_D$23;MARSAN_D$23;MARSAN_D$23;MARSAN_D$23;;;CHAMMAL_D$80;CHAMMAL_D$80;;;MARSAN_D$23;MARSAN_D$23;MARSAN_D$23;MARSAN_D$23;;;MARSAN_D$23;MARSAN_D$23;MARSAN_D$23;MARSAN_D$23;;;MARSAN_D$23;MARSAN_D$23;MARSAN_D$23;MARSAN_D$23;;;MARSAN_D$23;MARSAN_D$23;MARSAN_D$23;MARSAN_D$23;;;MARSAN_D$23;MARSAN_D$23;MARSAN_D$23;MARSAN_D$23;;;;;;
D643;;;NANCY_D$23;NANCY_D$23;NANCY_D$23;NANCY_D$23;;;NANCY_D$23;NANCY_D$23;NANCY_D$23;NANCY_D$23;;;NANCY_D$23;NANCY_D$23;NANCY_D$23;NANCY_D$23;;;NANCY_D$23;NANCY_D$23;NANCY_D$23;NANCY_D$23;;;NANCY_D$23;NANCY_D$23;NANCY_D$23;NANCY_D$23;;;;;;;;;;-;-;-;-;-;-;-;-;V10;V10;V10;V10;V10;V10;;;NANCY_D$23;NANCY_D$23;NANCY_D$23;NANCY_D$23;;;NIAMEY_D$50;NIAMEY_D$50;NIAMEY_D$50;NIAMEY_D$50;;;CHAMMAL_D$80;CHAMMAL_D$80;CHAMMAL_D$80;;;NANCY_D$23;NANCY_D$23;NANCY_D$23;NANCY_D$23;;;NANCY_D$23;NANCY_D$23;NANCY_D$23;NANCY_D$23;;;NANCY_D$23;NANCY_D$23;NANCY_D$23;NANCY_D$23;;;;;;;;;;-;-;-;-;-;-;;;;;
D644;;;NANCY_D$23;NANCY_D$23;NANCY_D$23;NANCY_D$23;;;NIAMEY_D$50;NIAMEY_D$50;NIAMEY_D$50;NIAMEY_D$50;;;NIAMEY_D$50;NIAMEY_D$50;NIAMEY_D$50;NIAMEY_D$50;;;NANCY_D$23;NANCY_D$23;NANCY_D$23;NANCY_D$23;;;NANCY_D$23;NANCY_D$23;NANCY_D$23;NANCY_D$23;;;NANCY_D$23;NANCY_D$23;NANCY_D$23;NANCY_D$23;;;;;;;;;;;;V10;V10;V10;V10;V10;V10;;;NANCY_D$23;NANCY_D$23;NANCY_D$23;NANCY_D$23;;;NIAMEY_D$50;NIAMEY_D$50;NIAMEY_D$50;NIAMEY_D$50;;;NDJAMENA_D$60;NDJAMENA_D$60;NDJAMENA_D$60;;;NANCY_D$23;NANCY_D$23;NANCY_D$23;NANCY_D$23;;;NANCY_D$23;NANCY_D$23;NANCY_D$23;NANCY_D$23;;;NANCY_D$23;NANCY_D$23;NANCY_D$23;NANCY_D$23;;;NANCY_D$23;NANCY_D$23;NANCY_D$23;NANCY_D$23;;;;;;;-;-;-;;;;;
D645;;;NANCY_D$23;NANCY_D$23;NANCY_D$23;NANCY_D$23;;;NANCY_D$23;NANCY_D$23;NANCY_D$23;NANCY_D$23;;;NANCY_D$23;NANCY_D$23;NANCY_D$23;NANCY_D$23;;;NANCY_D$23;NANCY_D$23;NANCY_D$23;NANCY_D$23;;;NDJAMENA_D$60;NDJAMENA_D$60;NDJAMENA_D$60;NDJAMENA_D$60;;;NANCY_D$23;NANCY_D$23;NANCY_D$23;NANCY_D$23;;;NANCY_D$23;NANCY_D$23;NANCY_D$23;NANCY_D$23;;;;;;;;;-;-;-;-;-;V10;V10;V10;V10;V10;V10;;;CHAMMAL_D$80;CHAMMAL_D$80;CHAMMAL_D$80;CHAMMAL_D$80;;;NANCY_D$23;NANCY_D$23;NANCY_D$23;NANCY_D$23;;;NANCY_D$23;NANCY_D$23;NANCY_D$23;NANCY_D$23;;;NANCY_D$23;NANCY_D$23;NANCY_D$23;NANCY_D$23;;;NANCY_D$23;NANCY_D$23;NANCY_D$23;NANCY_D$23;;;NANCY_D$23;NANCY_D$23;NANCY_D$23;NANCY_D$23;;;;;;;;;;;
D646;;;NANCY_D$23;NANCY_D$23;NANCY_D$23;NANCY_D$23;;;NANCY_D$23;NANCY_D$23;NANCY_D$23;NANCY_D$23;;;NANCY_D$23;NANCY_D$23;NANCY_D$23;NANCY_D$23;;;NANCY_D$23;NANCY_D$23;NANCY_D$23;NANCY_D$23;;;NANCY_D$23;NANCY_D$23;NANCY_D$23;NANCY_D$23;;;NANCY_D$23;NANCY_D$23;NANCY_D$23;NANCY_D$23;;;;;;;;;-;-;-;-;-;-;V10;V10;V10;V10;V10;V10;;;CHAMMAL_D$80;CHAMMAL_D$80;CHAMMAL_D$80;CHAMMAL_D$80;;;NANCY_D$23;NANCY_D$23;NANCY_D$23;NANCY_D$23;;;NIAMEY_D$50;NIAMEY_D$50;;;NANCY_D$23;NANCY_D$23;NANCY_D$23;NANCY_D$23;;;NANCY_D$23;NANCY_D$23;NANCY_D$23;NANCY_D$23;;;NANCY_D$23;NANCY_D$23;NANCY_D$23;NANCY_D$23;;;;;;;;;;;-;-;-;;;;;
D647;;;NANCY_D$23;NANCY_D$23;NANCY_D$23;NANCY_D$23;;;NANCY_D$23;NANCY_D$23;NANCY_D$23;NANCY_D$23;;;NANCY_D$23;NANCY_D$23;NANCY_D$23;NANCY_D$23;;;NANCY_D$23;NANCY_D$23;NANCY_D$23;NANCY_D$23;;;NANCY_D$23;NANCY_D$23;NANCY_D$23;NANCY_D$23;;;NANCY_D$23;NANCY_D$23;NANCY_D$23;NANCY_D$23;;;NANCY_D$23;NANCY_D$23;NANCY_D$23;NANCY_D$23;;;NANCY_D$23;NANCY_D$23;NANCY_D$23;NANCY_D$23;;;;;;;;;;-;V20;V20;V20;V20;V20;V20;;;CHAMMAL_D$80;CHAMMAL_D$80;CHAMMAL_D$80;CHAMMAL_D$80;;;NANCY_D$23;NANCY_D$23;NANCY_D$23;NANCY_D$23;;;NANCY_D$23;NANCY_D$23;NANCY_D$23;NANCY_D$23;;;NANCY_D$23;NANCY_D$23;NANCY_D$23;NANCY_D$23;;;NANCY_D$23;NANCY_D$23;NANCY_D$23;NANCY_D$23;;;NANCY_D$23;NANCY_D$23;NANCY_D$23;NANCY_D$23;;;;;;;;
D648;;;NANCY_D$23;NANCY_D$23;NANCY_D$23;NANCY_D$23;;;NANCY_D$23;NANCY_D$23;NANCY_D$23;NANCY_D$23;;;NANCY_D$23;NANCY_D$23;NANCY_D$23;NANCY_D$23;;;NANCY_D$23;NANCY_D$23;NANCY_D$23;NANCY_D$23;;;NANCY_D$23;NANCY_D$23;NANCY_D$23;NANCY_D$23;;;;;;;;;;;;;V10;V10;V10;V10;V10;V10;;;CHAMMAL_D$80;CHAMMAL_D$80;CHAMMAL_D$80;CHAMMAL_D$80;;;CHAMMAL_D$80;CHAMMAL_D$80;CHAMMAL_D$80;CHAMMAL_D$80;;;CHAMMAL_D$80;CHAMMAL_D$80;CHAMMAL_D$80;CHAMMAL_D$80;;;;;;;;-;-;-;-;-;-;-;-;-;-;-;-;-;-;-;-;-;-;-;-;-;-;-;-;-;-;-;-;-;-;;;;;
D649;;;NANCY_D$23;NANCY_D$23;NANCY_D$23;NANCY_D$23;;;NANCY_D$23;NANCY_D$23;NANCY_D$23;NANCY_D$23;;;NANCY_D$23;NANCY_D$23;NANCY_D$23;NANCY_D$23;;;NANCY_D$23;NANCY_D$23;NANCY_D$23;NANCY_D$23;;;NANCY_D$23;NANCY_D$23;NANCY_D$23;NANCY_D$23;;;NANCY_D$23;NANCY_D$23;NANCY_D$23;NANCY_D$23;;;NANCY_D$23;NANCY_D$23;NANCY_D$23;NANCY_D$23;;;NANCY_D$23;NANCY_D$23;NANCY_D$23;NANCY_D$23;;;;;;;;;;-;V15;V15;V15;V15;V15;V15;;;CHAMMAL_D$80;CHAMMAL_D$80;CHAMMAL_D$80;CHAMMAL_D$80;;;NANCY_D$23;NANCY_D$23;NANCY_D$23;NANCY_D$23;;;NANCY_D$23;NANCY_D$23;NANCY_D$23;NANCY_D$23;;;NANCY_D$23;NANCY_D$23;NANCY_D$23;NANCY_D$23;;;NANCY_D$23;NANCY_D$23;NANCY_D$23;NANCY_D$23;;;NANCY_D$23;NANCY_D$23;NANCY_D$23;NANCY_D$23;;;;;;;;
D650;;;NANCY_D$23;NANCY_D$23;NANCY_D$23;NANCY_D$23;;;NANCY_D$23;NANCY_D$23;NANCY_D$23;NANCY_D$23;;;NANCY_D$23;NANCY_D$23;NANCY_D$23;NANCY_D$23;;;NANCY_D$23;NANCY_D$23;NANCY_D$23;NANCY_D$23;;;NANCY_D$23;NANCY_D$23;NANCY_D$23;NANCY_D$23;;;NANCY_D$23;NANCY_D$23;NANCY_D$23;NANCY_D$23;;;NANCY_D$23;NANCY_D$23;NANCY_D$23;NANCY_D$23;;;;;;;;-;V10;V10;V10;V10;V10;V10;;;CHAMMAL_D$80;CHAMMAL_D$80;CHAMMAL_D$80;CHAMMAL_D$80;;;NANCY_D$23;NANCY_D$23;NANCY_D$23;NANCY_D$23;;;NIAMEY_D$50;NIAMEY_D$50;;;NANCY_D$23;NANCY_D$23;NANCY_D$23;NANCY_D$23;;;NANCY_D$23;NANCY_D$23;NANCY_D$23;NANCY_D$23;;;NANCY_D$23;NANCY_D$23;NANCY_D$23;NANCY_D$23;;;;;;;;;;;-;-;-;;;;;
D652;;;NANCY_D$23;NANCY_D$23;NANCY_D$23;NANCY_D$23;;;NANCY_D$23;NANCY_D$23;NANCY_D$23;NANCY_D$23;;;NANCY_D$23;NANCY_D$23;NANCY_D$23;NANCY_D$23;;;NANCY_D$23;NANCY_D$23;NANCY_D$23;NANCY_D$23;;;NANCY_D$23;NANCY_D$23;NANCY_D$23;NANCY_D$23;;;NANCY_D$23;NANCY_D$23;NANCY_D$23;NANCY_D$23;;;NANCY_D$23;NANCY_D$23;NANCY_D$23;NANCY_D$23;;;;;;;;;V10;V10;V10;V10;V10;V10;;;NANCY_D$23;NANCY_D$23;NANCY_D$23;NANCY_D$23;;;NANCY_D$23;NANCY_D$23;NANCY_D$23;NANCY_D$23;;;NANCY_D$23;NANCY_D$23;NANCY_D$23;NANCY_D$23;;;NANCY_D$23;NANCY_D$23;NANCY_D$23;NANCY_D$23;;;NANCY_D$23;NANCY_D$23;NANCY_D$23;NANCY_D$23;;;NANCY_D$23;NANCY_D$23;NANCY_D$23;NANCY_D$23;;;NANCY_D$23;NANCY_D$23;NANCY_D$23;NANCY_D$23;;;NANCY_D$23;NANCY_D$23;NANCY_D$23;NANCY_D$23;;;;
D653;;;NANCY_D$23;NANCY_D$23;NANCY_D$23;NANCY_D$23;;;;;;;-;-;-;-;-;-;-;-;V15;V15;V15;V15;V15;V15;;;NIAMEY_D$50;NIAMEY_D$50;NIAMEY_D$50;NIAMEY_D$50;;;NANCY_D$23;NANCY_D$23;NANCY_D$23;NANCY_D$23;;;CHAMMAL_D$80;CHAMMAL_D$80;CHAMMAL_D$80;CHAMMAL_D$80;;;NANCY_D$23;NANCY_D$23;NANCY_D$23;NANCY_D$23;;;NANCY_D$23;NANCY_D$23;NANCY_D$23;NANCY_D$23;;;;;;;;;;;;;-;-;-;-;-;-;-;-;-;-;-;-;-;-;-;-;-;V20;V20;V20;V20;V20;V20;;;NANCY_D$23;NANCY_D$23;NANCY_D$23;NANCY_D$23;;;NANCY_D$23;NANCY_D$23;NANCY_D$23;NANCY_D$23;;;;;
D654;;;NANCY_D$23;NANCY_D$23;NANCY_D$23;NANCY_D$23;;;NANCY_D$23;NANCY_D$23;NANCY_D$23;NANCY_D$23;;V10;V10;V10;V10;V10;V10;;;NANCY_D$23;NANCY_D$23;NANCY_D$23;NANCY_D$23;;;NANCY_D$23;NANCY_D$23;NANCY_D$23;NANCY_D$23;;;NANCY_D$23;NANCY_D$23;NANCY_D$23;NANCY_D$23;;;NANCY_D$23;NANCY_D$23;NANCY_D$23;NANCY_D$23;;;NANCY_D$23;NANCY_D$23;NANCY_D$23;NANCY_D$23;;;NANCY_D$23;NANCY_D$23;NANCY_D$23;NANCY_D$23;;;NANCY_D$23;NANCY_D$23;NANCY_D$23;NANCY_D$23;;;NANCY_D$23;NANCY_D$23;NANCY_D$23;NANCY_D$23;;;;;;;;;;-;-;V15;V15;V15;V15;V15;V15;;;NANCY_D$23;NANCY_D$23;NANCY_D$23;NANCY_D$23;;;NANCY_D$23;NANCY_D$23;NANCY_D$23;NANCY_D$23;;;NANCY_D$23;NANCY_D$23;NANCY_D$23;NANCY_D$23;;;;;;
D655;;;NANCY_D$23;NANCY_D$23;NANCY_D$23;NANCY_D$23;;;NANCY_D$23;NANCY_D$23;NANCY_D$23;NANCY_D$23;;;NANCY_D$23;NANCY_D$23;NANCY_D$23;NANCY_D$23;;;NANCY_D$23;NANCY_D$23;NANCY_D$23;NANCY_D$23;;;NANCY_D$23;NANCY_D$23;NANCY_D$23;NANCY_D$23;;;NIAMEY_D$50;NIAMEY_D$50;NIAMEY_D$50;NIAMEY_D$50;;;NANCY_D$23;NANCY_D$23;NANCY_D$23;NANCY_D$23;;;;;;;;;;-;-;-;-;V10;V10;V10;V10;V10;V10;;;NDJAMENA_D$60;NDJAMENA_D$60;NDJAMENA_D$60;NDJAMENA_D$60;;;NANCY_D$23;NANCY_D$23;NANCY_D$23;NANCY_D$23;;;NANCY_D$23;NANCY_D$23;NANCY_D$23;NANCY_D$23;;;NANCY_D$23;NANCY_D$23;NANCY_D$23;NANCY_D$23;;;NANCY_D$23;NANCY_D$23;NANCY_D$23;NANCY_D$23;;;NANCY_D$23;NANCY_D$23;NANCY_D$23;NANCY_D$23;;;NANCY_D$23;NANCY_D$23;NANCY_D$23;NANCY_D$23;;;;;
D657;;;;;;;;-;-;-;-;V15;V15;V15;V15;V15;V15;;;CHAMMAL_D$80;CHAMMAL_D$80;CHAMMAL_D$80;CHAMMAL_D$80;;;NANCY_D$23;NANCY_D$23;NANCY_D$23;NANCY_D$23;;;NIAMEY_D$50;NIAMEY_D$50;NIAMEY_D$50;NIAMEY_D$50;;;NDJAMENA_D$60;NDJAMENA_D$60;NDJAMENA_D$60;NDJAMENA_D$60;;;;;;;;;;;;-;-;-;-;-;-;-;-;-;-;-;-;-;-;-;-;-;-;-;-;-;-;-;-;V20;V20;V20;V20;V20;V20;;;NANCY_D$23;NANCY_D$23;NANCY_D$23;NANCY_D$23;;;NANCY_D$23;NANCY_D$23;NANCY_D$23;NANCY_D$23;;;NANCY_D$23;NANCY_D$23;NANCY_D$23;NANCY_D$23;;;NANCY_D$23;NANCY_D$23;NANCY_D$23;NANCY_D$23;;
D658;;;NANCY_D$23;NANCY_D$23;NANCY_D$23;NANCY_D$23;;;NANCY_D$23;NANCY_D$23;NANCY_D$23;NANCY_D$23;;;NANCY_D$23;NANCY_D$23;NANCY_D$23;NANCY_D$23;;;NANCY_D$23;NANCY_D$23;NANCY_D$23;NANCY_D$23;;;NANCY_D$23;NANCY_D$23;NANCY_D$23;NANCY_D$23;;;NANCY_D$23;NANCY_D$23;NANCY_D$23;NANCY_D$23;;;NANCY_D$23;NANCY_D$23;NANCY_D$23;NANCY_D$23;;;NANCY_D$23;NANCY_D$23;NANCY_D$23;NANCY_D$23;;;;;;;;;;-;-;-;-;-;-;-;V15;V15;V15;V15;V15;V15;;;NANCY_D$23;NANCY_D$23;NANCY_D$23;NANCY_D$23;;;NANCY_D$23;NANCY_D$23;NANCY_D$23;NANCY_D$23;;;NANCY_D$23;NANCY_D$23;NANCY_D$23;NANCY_D$23;;;NANCY_D$23;NANCY_D$23;NANCY_D$23;NANCY_D$23;;;NANCY_D$23;NANCY_D$23;NANCY_D$23;NANCY_D$23;;;NANCY_D$23;NANCY_D$23;NANCY_D$23;NANCY_D$23;;
D659;;;NANCY_D$23;NANCY_D$23;NANCY_D$23;NANCY_D$23;;;;;;V15;V15;V15;V15;V15;V15;;;NANCY_D$23;NANCY_D$23;NANCY_D$23;NANCY_D$23;;;CHAMMAL_D$80;CHAMMAL_D$80;CHAMMAL_D$80;CHAMMAL_D$80;;;NANCY_D$23;NANCY_D$23;NANCY_D$23;NANCY_D$23;;;CHAMMAL_D$80;CHAMMAL_D$80;CHAMMAL_D$80;CHAMMAL_D$80;;;NANCY_D$23;NANCY_D$23;NANCY_D$23;NANCY_D$23;;;;;;-;-;-;-;-;-;-;-;-;-;-;-;-;-;-;-;-;-;-;-;-;-;-;-;V20;V20;V20;V20;V20;V20;;;NANCY_D$23;NANCY_D$23;NANCY_D$23;NANCY_D$23;;;NANCY_D$23;NANCY_D$23;NANCY_D$23;NANCY_D$23;;;NANCY_D$23;NANCY_D$23;NANCY_D$23;NANCY_D$23;;;NANCY_D$23;NANCY_D$23;NANCY_D$23;NANCY_D$23;;
D660;;;NANCY_D$23;NANCY_D$23;NANCY_D$23;NANCY_D$23;;;NANCY_D$23;NANCY_D$23;NANCY_D$23;NANCY_D$23;;;NANCY_D$23;NANCY_D$23;NANCY_D$23;NANCY_D$23;;;NANCY_D$23;NANCY_D$23;NANCY_D$23;NANCY_D$23;;;NANCY_D$23;NANCY_D$23;NANCY_D$23;NANCY_D$23;;;NANCY_D$23;NANCY_D$23;NANCY_D$23;NANCY_D$23;;;NANCY_D$23;NANCY_D$23;NANCY_D$23;NANCY_D$23;;;NANCY_D$23;NANCY_D$23;NANCY_D$23;NANCY_D$23;;;;;;;;;;-;-;-;-;V10;V10;V10;V10;V10;V10;;;NDJAMENA_D$60;NDJAMENA_D$60;NDJAMENA_D$60;;;NANCY_D$23;NANCY_D$23;NANCY_D$23;NANCY_D$23;;;NANCY_D$23;NANCY_D$23;NANCY_D$23;NANCY_D$23;;;NANCY_D$23;NANCY_D$23;NANCY_D$23;NANCY_D$23;;;NANCY_D$23;NANCY_D$23;NANCY_D$23;NANCY_D$23;;;NANCY_D$23;NANCY_D$23;NANCY_D$23;NANCY_D$23;;;;;;
D661;;;NANCY_D$23;NANCY_D$23;NANCY_D$23;NANCY_D$23;;;CHAMMAL_D$80;CHAMMAL_D$80;CHAMMAL_D$80;CHAMMAL_D$80;;;;;;;;;-;V15;V15;V15;V15;V15;V15;;;NDJAMENA_D$60;NDJAMENA_D$60;NDJAMENA_D$60;NDJAMENA_D$60;;;CHAMMAL_D$80;CHAMMAL_D$80;CHAMMAL_D$80;CHAMMAL_D$80;;;NDJAMENA_D$60;NDJAMENA_D$60;NDJAMENA_D$60;NDJAMENA_D$60;;;NANCY_D$23;NANCY_D$23;NANCY_D$23;NANCY_D$23;;;;;;;;;;-;-;-;-;-;-;-;-;-;-;-;-;-;-;-;-;-;-;-;-;-;-;-;-;-;-;V20;V20;V20;V20;V20;V20;;;NANCY_D$23;NANCY_D$23;NANCY_D$23;NANCY_D$23;;;NANCY_D$23;NANCY_D$23;NANCY_D$23;NANCY_D$23;;;;
D662;;;;;;;;;;;;-;-;-;-;-;-;-;-;-;-;-;-;-;-;V15;V15;V15;V15;V15;V15;;;CHAMMAL_D$80;CHAMMAL_D$80;CHAMMAL_D$80;CHAMMAL_D$80;;;NIAMEY_D$50;NIAMEY_D$50;NIAMEY_D$50;NIAMEY_D$50;;;NANCY_D$23;NANCY_D$23;NANCY_D$23;NANCY_D$23;;;NANCY_D$23;NANCY_D$23;NANCY_D$23;NANCY_D$23;;;NIAMEY_D$50;NIAMEY_D$50;NIAMEY_D$50;NIAMEY_D$50;;;;;;;-;-;-;-;-;-;-;-;-;-;-;-;-;-;-;-;-;-;-;-;-;-;-;V20;V20;V20;V20;V20;V20;;;NANCY_D$23;NANCY_D$23;NANCY_D$23;NANCY_D$23;;;;;;
D664;V15;V15;V15;V15;V15;V15;;;NANCY_D$23;NANCY_D$23;NANCY_D$23;NANCY_D$23;;;NANCY_D$23;NANCY_D$23;NANCY_D$23;NANCY_D$23;;;NANCY_D$23;NANCY_D$23;NANCY_D$23;NANCY_D$23;;;NANCY_D$23;NANCY_D$23;NANCY_D$23;NANCY_D$23;;;NANCY_D$23;NANCY_D$23;NANCY_D$23;NANCY_D$23;;;NANCY_D$23;NANCY_D$23;NANCY_D$23;NANCY_D$23;;;NANCY_D$23;NANCY_D$23;NANCY_D$23;NANCY_D$23;;;NANCY_D$23;NANCY_D$23;NANCY_D$23;NANCY_D$23;;;;;;;;;;-;-;V20;V20;V20;V20;V20;V20;;;NANCY_D$23;NANCY_D$23;NANCY_D$23;NANCY_D$23;;;NANCY_D$23;NANCY_D$23;NANCY_D$23;NANCY_D$23;;;NANCY_D$23;NANCY_D$23;NANCY_D$23;NANCY_D$23;;;NANCY_D$23;NANCY_D$23;NANCY_D$23;NANCY_D$23;;;NANCY_D$23;NANCY_D$23;NANCY_D$23;NANCY_D$23;;;;;;;
D666;;;;;;;;;;;;V15;V15;V15;V15;V15;V15;;;NANCY_D$23;NANCY_D$23;NANCY_D$23;NANCY_D$23;;;NDJAMENA_D$60;NDJAMENA_D$60;NDJAMENA_D$60;NDJAMENA_D$60;;;CHAMMAL_D$80;CHAMMAL_D$80;CHAMMAL_D$80;CHAMMAL_D$80;;;NANCY_D$23;NANCY_D$23;NANCY_D$23;NANCY_D$23;;;NANCY_D$23;NANCY_D$23;NANCY_D$23;NANCY_D$23;;;;;;;;;;;-;-;-;-;-;-;-;-;-;-;-;-;-;-;-;-;-;-;-;V20;V20;V20;V20;V20;V20;;;NANCY_D$23;NANCY_D$23;NANCY_D$23;NANCY_D$23;;;NANCY_D$23;NANCY_D$23;NANCY_D$23;NANCY_D$23;;;NANCY_D$23;NANCY_D$23;NANCY_D$23;NANCY_D$23;;;NANCY_D$23;NANCY_D$23;NANCY_D$23;NANCY_D$23;;
D667;;;NANCY_D$23;NANCY_D$23;NANCY_D$23;NANCY_D$23;;;NANCY_D$23;NANCY_D$23;NANCY_D$23;NANCY_D$23;;;NANCY_D$23;NANCY_D$23;NANCY_D$23;NANCY_D$23;;;NANCY_D$23;NANCY_D$23;NANCY_D$23;NANCY_D$23;;;NANCY_D$23;NANCY_D$23;NANCY_D$23;NANCY_D$23;;;NANCY_D$23;NANCY_D$23;NANCY_D$23;NANCY_D$23;;;NANCY_D$23;NANCY_D$23;NANCY_D$23;NANCY_D$23;;;NANCY_D$23;NANCY_D$23;NANCY_D$23;NANCY_D$23;;;;;;;;;;-;-;-;-;-;V15;V15;V15;V15;V15;V15;;;CHAMMAL_D$80;CHAMMAL_D$80;;;NANCY_D$23;NANCY_D$23;NANCY_D$23;NANCY_D$23;;;NANCY_D$23;NANCY_D$23;NANCY_D$23;NANCY_D$23;;;NANCY_D$23;NANCY_D$23;NANCY_D$23;NANCY_D$23;;;NANCY_D$23;NANCY_D$23;NANCY_D$23;NANCY_D$23;;;NANCY_D$23;NANCY_D$23;NANCY_D$23;NANCY_D$23;;;;;;
D668;;;NANCY_D$23;NANCY_D$23;NANCY_D$23;NANCY_D$23;;;NDJAMENA_D$60;NDJAMENA_D$60;NDJAMENA_D$60;NDJAMENA_D$60;;;NANCY_D$23;NANCY_D$23;NANCY_D$23;NANCY_D$23;;;;;;;;;;;V15;V15;V15;V15;V15;V15;;;NIAMEY_D$50;NIAMEY_D$50;NIAMEY_D$50;NIAMEY_D$50;;;NANCY_D$23;NANCY_D$23;NANCY_D$23;NANCY_D$23;;;CHAMMAL_D$80;CHAMMAL_D$80;CHAMMAL_D$80;CHAMMAL_D$80;;;NDJAMENA_D$60;NDJAMENA_D$60;NDJAMENA_D$60;NDJAMENA_D$60;;;;;;;;;;;;-;-;-;-;-;-;-;-;-;-;-;-;-;-;-;-;-;-;-;-;-;-;-;-;V20;V20;V20;V20;V20;V20;;;NANCY_D$23;NANCY_D$23;NANCY_D$23;NANCY_D$23;;;
D670;;;NANCY_D$23;NANCY_D$23;NANCY_D$23;NANCY_D$23;;;NANCY_D$23;NANCY_D$23;NANCY_D$23;NANCY_D$23;;;NIAMEY_D$50;NIAMEY_D$50;NIAMEY_D$50;NIAMEY_D$50;;;;;;;-;-;V15;V15;V15;V15;V15;V15;;;NDJAMENA_D$60;NDJAMENA_D$60;NDJAMENA_D$60;NDJAMENA_D$60;;;NIAMEY_D$50;NIAMEY_D$50;NIAMEY_D$50;NIAMEY_D$50;;;NANCY_D$23;NANCY_D$23;NANCY_D$23;NANCY_D$23;;;NANCY_D$23;NANCY_D$23;NANCY_D$23;NANCY_D$23;;;NANCY_D$23;NANCY_D$23;NANCY_D$23;NANCY_D$23;;;NANCY_D$23;NANCY_D$23;NANCY_D$23;NANCY_D$23;;;;;;;;;;-;-;-;-;-;-;-;-;-;-;-;-;-;-;V20;V20;V20;V20;V20;V20;;;NANCY_D$23;NANCY_D$23;NANCY_D$23;NANCY_D$23;;;;;
D671;;;;;;;;;;;;-;-;-;-;-;-;-;-;-;-;-;V10;V10;V10;V10;V10;V10;;;NDJAMENA_D$60;NDJAMENA_D$60;NDJAMENA_D$60;NDJAMENA_D$60;;;NANCY_D$23;NANCY_D$23;NANCY_D$23;NANCY_D$23;;;NANCY_D$23;NANCY_D$23;NANCY_D$23;NANCY_D$23;;;CHAMMAL_D$80;CHAMMAL_D$80;CHAMMAL_D$80;CHAMMAL_D$80;;;NANCY_D$23;NANCY_D$23;NANCY_D$23;NANCY_D$23;;;;;;;;;;;-;-;-;-;-;-;-;-;-;-;-;-;-;-;-;-;-;-;-;V15;V15;V15;V15;V15;V15;;;NANCY_D$23;NANCY_D$23;NANCY_D$23;NANCY_D$23;;;NANCY_D$23;NANCY_D$23;NANCY_D$23;NANCY_D$23;;;
D672;;;;;;;;;-;-;-;-;-;V15;V15;V15;V15;V15;V15;;;CHAMMAL_D$80;CHAMMAL_D$80;CHAMMAL_D$80;CHAMMAL_D$80;;;NANCY_D$23;NANCY_D$23;NANCY_D$23;NANCY_D$23;;;NANCY_D$23;NANCY_D$23;NANCY_D$23;NANCY_D$23;;;NANCY_D$23;NANCY_D$23;NANCY_D$23;NANCY_D$23;;;NDJAMENA_D$60;NDJAMENA_D$60;NDJAMENA_D$60;NDJAMENA_D$60;;;;;;;;;;;-;-;-;-;-;-;-;-;-;-;-;-;-;-;-;-;-;-;-;V20;V20;V20;V20;V20;V20;;;NANCY_D$23;NANCY_D$23;NANCY_D$23;NANCY_D$23;;;NANCY_D$23;NANCY_D$23;NANCY_D$23;NANCY_D$23;;;NANCY_D$23;NANCY_D$23;NANCY_D$23;NANCY_D$23;;;;;;
D673;;;NANCY_D$23;NANCY_D$23;NANCY_D$23;NANCY_D$23;;;NANCY_D$23;NANCY_D$23;NANCY_D$23;NANCY_D$23;V15;V15;V15;V15;V15;V15;;;NANCY_D$23;NANCY_D$23;NANCY_D$23;NANCY_D$23;;;NANCY_D$23;NANCY_D$23;NANCY_D$23;NANCY_D$23;;;NANCY_D$23;NANCY_D$23;NANCY_D$23;NANCY_D$23;;;NANCY_D$23;NANCY_D$23;NANCY_D$23;NANCY_D$23;;;NANCY_D$23;NANCY_D$23;NANCY_D$23;NANCY_D$23;;;NANCY_D$23;NANCY_D$23;NANCY_D$23;NANCY_D$23;;;NANCY_D$23;NANCY_D$23;NANCY_D$23;NANCY_D$23;;;NANCY_D$23;NANCY_D$23;NANCY_D$23;NANCY_D$23;;;;;;;;;;-;-;V20;V20;V20;V20;V20;V20;;;NANCY_D$23;NANCY_D$23;NANCY_D$23;NANCY_D$23;;;NANCY_D$23;NANCY_D$23;NANCY_D$23;NANCY_D$23;;;NANCY_D$23;NANCY_D$23;NANCY_D$23;NANCY_D$23;;;;;;;
D674;;MARSAN_D$23;MARSAN_D$23;MARSAN_D$23;MARSAN_D$23;;;CHAMMAL_D$80;CHAMMAL_D$80;CHAMMAL_D$80;CHAMMAL_D$80;;;CHAMMAL_D$80;CHAMMAL_D$80;CHAMMAL_D$80;CHAMMAL_D$80;;;MARSAN_D$23;MARSAN_D$23;MARSAN_D$23;MARSAN_D$23;;;;;;;;;;-;-;-;-;-;-;V15;V15;V15;V15;V15;V15;;;MARSAN_D$23;MARSAN_D$23;MARSAN_D$23;MARSAN_D$23;;;NIAMEY_D$50;NIAMEY_D$50;NIAMEY_D$50;NIAMEY_D$50;;;NDJAMENA_D$60;NDJAMENA_D$60;NDJAMENA_D$60;NDJAMENA_D$60;;;MARSAN_D$23;MARSAN_D$23;MARSAN_D$23;MARSAN_D$23;;;MARSAN_D$23;MARSAN_D$23;MARSAN_D$23;MARSAN_D$23;;;MARSAN_D$23;MARSAN_D$23;MARSAN_D$23;MARSAN_D$23;;;;;;;;;;-;-;-;-;-;-;-;-;-;-;-;-;-;-;;;;;
D675;;;;;;;;;;;;-;-;V15;V15;V15;V15;V15;V15;;;NDJAMENA_D$60;NDJAMENA_D$60;NDJAMENA_D$60;NDJAMENA_D$60;;;NIAMEY_D$50;NIAMEY_D$50;NIAMEY_D$50;NIAMEY_D$50;;;NANCY_D$23;NANCY_D$23;NANCY_D$23;NANCY_D$23;;;NANCY_D$23;NANCY_D$23;NANCY_D$23;NANCY_D$23;;;NANCY_D$23;NANCY_D$23;NANCY_D$23;NANCY_D$23;;;NANCY_D$23;NANCY_D$23;NANCY_D$23;NANCY_D$23;;;;;;;;;;-;-;-;-;-;-;-;-;-;-;-;-;-;-;V20;V20;V20;V20;V20;V20;;;NANCY_D$23;NANCY_D$23;NANCY_D$23;NANCY_D$23;;;NANCY_D$23;NANCY_D$23;NANCY_D$23;NANCY_D$23;;;NANCY_D$23;NANCY_D$23;NANCY_D$23;NANCY_D$23;;;;;;
D676;;;NANCY_D$23;NANCY_D$23;NANCY_D$23;NANCY_D$23;;;NANCY_D$23;NANCY_D$23;NANCY_D$23;NANCY_D$23;;;NANCY_D$23;NANCY_D$23;NANCY_D$23;NANCY_D$23;V15;V15;V15;V15;V15;V15;;;NANCY_D$23;NANCY_D$23;NANCY_D$23;NANCY_D$23;;;NANCY_D$23;NANCY_D$23;NANCY_D$23;NANCY_D$23;;;NANCY_D$23;NANCY_D$23;NANCY_D$23;NANCY_D$23;;;NANCY_D$23;NANCY_D$23;NANCY_D$23;NANCY_D$23;;;NANCY_D$23;NANCY_D$23;NANCY_D$23;NANCY_D$23;;;NANCY_D$23;NANCY_D$23;NANCY_D$23;NANCY_D$23;;;NANCY_D$23;NANCY_D$23;NANCY_D$23;NANCY_D$23;;;NANCY_D$23;NANCY_D$23;NANCY_D$23;NANCY_D$23;;;;;;;;;;-;-;V20;V20;V20;V20;V20;V20;;;NANCY_D$23;NANCY_D$23;NANCY_D$23;NANCY_D$23;;;NANCY_D$23;NANCY_D$23;NANCY_D$23;NANCY_D$23;;;;;;;
D677;;;NANCY_D$23;NANCY_D$23;NANCY_D$23;NANCY_D$23;;;;;;;;;-;-;-;-;-;-;-;-;V15;V15;V15;V15;V15;V15;;;NANCY_D$23;NANCY_D$23;NANCY_D$23;NANCY_D$23;;;NANCY_D$23;NANCY_D$23;NANCY_D$23;NANCY_D$23;;;NDJAMENA_D$60;NDJAMENA_D$60;NDJAMENA_D$60;NDJAMENA_D$60;;;NIAMEY_D$50;NIAMEY_D$50;NIAMEY_D$50;NIAMEY_D$50;;;NDJAMENA_D$60;NDJAMENA_D$60;NDJAMENA_D$60;NDJAMENA_D$60;;;;;;;;;-;-;-;-;-;-;-;-;-;-;-;-;-;-;-;-;-;-;-;-;-;V20;V20;V20;V20;V20;V20;;;NANCY_D$23;NANCY_D$23;NANCY_D$23;NANCY_D$23;;;NANCY_D$23;NANCY_D$23;NANCY_D$23;NANCY_D$23;;;
D678;;;;;;;;;;V30;V30;V30;V30;V30;V30;;;CHAMMAL_D$80;CHAMMAL_D$80;CHAMMAL_D$80;CHAMMAL_D$80;;;CHAMMAL_D$80;CHAMMAL_D$80;CHAMMAL_D$80;CHAMMAL_D$80;;;NANCY_D$23;NANCY_D$23;NANCY_D$23;NANCY_D$23;;;NANCY_D$23;NANCY_D$23;NANCY_D$23;NANCY_D$23;;;NANCY_D$23;NANCY_D$23;NANCY_D$23;NANCY_D$23;;;;;;-;-;-;-;-;-;-;-;-;-;-;-;-;-;-;-;-;-;-;-;-;-;-;-;V5;V5;V5;V5;V5;V5;;;NANCY_D$23;NANCY_D$23;NANCY_D$23;NANCY_D$23;;;NANCY_D$23;NANCY_D$23;NANCY_D$23;NANCY_D$23;;;NANCY_D$23;NANCY_D$23;NANCY_D$23;NANCY_D$23;;;NANCY_D$23;NANCY_D$23;NANCY_D$23;NANCY_D$23;;;;
D679;;;NANCY_D$23;NANCY_D$23;NANCY_D$23;NANCY_D$23;;;NANCY_D$23;NANCY_D$23;NANCY_D$23;NANCY_D$23;;;NANCY_D$23;NANCY_D$23;NANCY_D$23;NANCY_D$23;;;NANCY_D$23;NANCY_D$23;NANCY_D$23;NANCY_D$23;;;NANCY_D$23;NANCY_D$23;NANCY_D$23;NANCY_D$23;;;NANCY_D$23;NANCY_D$23;NANCY_D$23;NANCY_D$23;;;;;;;-;-;V15;V15;V15;V15;V15;V15;;;NIAMEY_D$50;NIAMEY_D$50;NIAMEY_D$50;NIAMEY_D$50;;;NDJAMENA_D$60;NDJAMENA_D$60;NDJAMENA_D$60;NDJAMENA_D$60;;;NANCY_D$23;NANCY_D$23;NANCY_D$23;NANCY_D$23;;;NANCY_D$23;NANCY_D$23;NANCY_D$23;NANCY_D$23;;;NANCY_D$23;NANCY_D$23;NANCY_D$23;NANCY_D$23;;;NANCY_D$23;NANCY_D$23;NANCY_D$23;NANCY_D$23;;;;;;;;;;-;-;-;-;-;-;-;-;;;;;
D680;;;NANCY_D$23;NANCY_D$23;NANCY_D$23;NANCY_D$23;;;;;;;-;-;V15;V15;V15;V15;V15;V15;;;NANCY_D$23;NANCY_D$23;NANCY_D$23;NANCY_D$23;;;NANCY_D$23;NANCY_D$23;NANCY_D$23;NANCY_D$23;;;NANCY_D$23;NANCY_D$23;NANCY_D$23;NANCY_D$23;;;NANCY_D$23;NANCY_D$23;NANCY_D$23;NANCY_D$23;;;NANCY_D$23;NANCY_D$23;NANCY_D$23;NANCY_D$23;;;NANCY_D$23;NANCY_D$23;NANCY_D$23;NANCY_D$23;;;NANCY_D$23;NANCY_D$23;NANCY_D$23;NANCY_D$23;;;NANCY_D$23;NANCY_D$23;NANCY_D$23;NANCY_D$23;;;;;;;;;;-;-;V20;V20;V20;V20;V20;V20;;;NANCY_D$23;NANCY_D$23;NANCY_D$23;NANCY_D$23;;;NANCY_D$23;NANCY_D$23;NANCY_D$23;NANCY_D$23;;;NANCY_D$23;NANCY_D$23;NANCY_D$23;NANCY_D$23;;;;;
D681;;;;V15;V15;V15;V15;V15;V15;;;CHAMMAL_D$80;CHAMMAL_D$80;CHAMMAL_D$80;CHAMMAL_D$80;;;NDJAMENA_D$60;NDJAMENA_D$60;NDJAMENA_D$60;NDJAMENA_D$60;;;NIAMEY_D$50;NIAMEY_D$50;NIAMEY_D$50;NIAMEY_D$50;;;NANCY_D$23;NANCY_D$23;NANCY_D$23;NANCY_D$23;;;;;;;;;;;;-;-;-;-;-;-;-;-;-;-;-;-;-;-;-;-;-;-;-;-;-;-;-;-;V20;V20;V20;V20;V20;V20;;;NANCY_D$23;NANCY_D$23;NANCY_D$23;NANCY_D$23;;;NANCY_D$23;NANCY_D$23;NANCY_D$23;NANCY_D$23;;;NANCY_D$23;NANCY_D$23;NANCY_D$23;NANCY_D$23;;;NANCY_D$23;NANCY_D$23;NANCY_D$23;NANCY_D$23;;;NANCY_D$23;NANCY_D$23;NANCY_D$23;NANCY_D$23;;;;
D682;;;NANCY_D$23;NANCY_D$23;NANCY_D$23;NANCY_D$23;;;NANCY_D$23;NANCY_D$23;NANCY_D$23;NANCY_D$23;;;;;;;V15;V15;V15;V15;V15;V15;;;NANCY_D$23;NANCY_D$23;NANCY_D$23;NANCY_D$23;;;NANCY_D$23;NANCY_D$23;NANCY_D$23;NANCY_D$23;;;NANCY_D$23;NANCY_D$23;NANCY_D$23;NANCY_D$23;;;CHAMMAL_D$80;CHAMMAL_D$80;CHAMMAL_D$80;CHAMMAL_D$80;;;NANCY_D$23;NANCY_D$23;NANCY_D$23;NANCY_D$23;;;NANCY_D$23;NANCY_D$23;NANCY_D$23;NANCY_D$23;;;;;;;;;;;;-;-;-;-;-;-;-;-;-;-;-;-;V20;V20;V20;V20;V20;V20;;;NANCY_D$23;NANCY_D$23;NANCY_D$23;NANCY_D$23;;;NANCY_D$23;NANCY_D$23;NANCY_D$23;NANCY_D$23;;;;;;;
D683;;;NANCY_D$23;NANCY_D$23;NANCY_D$23;NANCY_D$23;V15;V15;V15;V15;V15;V15;;;NANCY_D$23;NANCY_D$23;NANCY_D$23;NANCY_D$23;;;NANCY_D$23;NANCY_D$23;NANCY_D$23;NANCY_D$23;;;NANCY_D$23;NANCY_D$23;NANCY_D$23;NANCY_D$23;;;NANCY_D$23;NANCY_D$23;NANCY_D$23;NANCY_D$23;;;NANCY_D$23;NANCY_D$23;NANCY_D$23;NANCY_D$23;;;NIAMEY_D$50;NIAMEY_D$50;NIAMEY_D$50;NIAMEY_D$50;;;NANCY_D$23;NANCY_D$23;NANCY_D$23;NANCY_D$23;;;;;;;;;;;-;-;-;-;-;-;-;V20;V20;V20;V20;V20;V20;;;NANCY_D$23;NANCY_D$23;NANCY_D$23;NANCY_D$23;;;NANCY_D$23;NANCY_D$23;NANCY_D$23;NANCY_D$23;;;NANCY_D$23;NANCY_D$23;NANCY_D$23;NANCY_D$23;;;NANCY_D$23;NANCY_D$23;NANCY_D$23;NANCY_D$23;;;;;;;
D685;;;NANCY_D$23;NANCY_D$23;NANCY_D$23;NANCY_D$23;;;NANCY_D$23;NANCY_D$23;NANCY_D$23;NANCY_D$23;;;NANCY_D$23;NANCY_D$23;NANCY_D$23;NANCY_D$23;;;NANCY_D$23;NANCY_D$23;NANCY_D$23;NANCY_D$23;;;NANCY_D$23;NANCY_D$23;NANCY_D$23;NANCY_D$23;;;NANCY_D$23;NANCY_D$23;NANCY_D$23;NANCY_D$23;;;NANCY_D$23;NANCY_D$23;NANCY_D$23;NANCY_D$23;;;NANCY_D$23;NANCY_D$23;NANCY_D$23;NANCY_D$23;;;;;;;;;;-;V30;V30;V30;V30;V30;V30;;;NIAMEY_D$50;NIAMEY_D$50;NIAMEY_D$50;NIAMEY_D$50;;;NANCY_D$23;NANCY_D$23;NANCY_D$23;NANCY_D$23;;;NANCY_D$23;NANCY_D$23;NANCY_D$23;NANCY_D$23;;;NANCY_D$23;NANCY_D$23;NANCY_D$23;NANCY_D$23;;;NANCY_D$23;NANCY_D$23;NANCY_D$23;NANCY_D$23;;;NANCY_D$23;NANCY_D$23;NANCY_D$23;NANCY_D$23;;;NANCY_D$23;NANCY_D$23;NANCY_D$23;NANCY_D$23;;
D686;;;NANCY_D$23;NANCY_D$23;NANCY_D$23;NANCY_D$23;;;NANCY_D$23;NANCY_D$23;NANCY_D$23;NANCY_D$23;;;NANCY_D$23;NANCY_D$23;NANCY_D$23;NANCY_D$23;;;NANCY_D$23;NANCY_D$23;NANCY_D$23;NANCY_D$23;;;NANCY_D$23;NANCY_D$23;NANCY_D$23;NANCY_D$23;;;NANCY_D$23;NANCY_D$23;NANCY_D$23;NANCY_D$23;;;NANCY_D$23;NANCY_D$23;NANCY_D$23;NANCY_D$23;;;NANCY_D$23;NANCY_D$23;NANCY_D$23;NANCY_D$23;;;;;;;;;;-;-;-;-;-;-;V30;V30;V30;V30;V30;V30;;;NANCY_D$23;NANCY_D$23;NANCY_D$23;NANCY_D$23;;;NANCY_D$23;NANCY_D$23;NANCY_D$23;NANCY_D$23;;;NANCY_D$23;NANCY_D$23;NANCY_D$23;NANCY_D$23;;;NANCY_D$23;NANCY_D$23;NANCY_D$23;NANCY_D$23;;;NANCY_D$23;NANCY_D$23;NANCY_D$23;NANCY_D$23;;;NANCY_D$23;NANCY_D$23;NANCY_D$23;NANCY_D$23;;;
B501;ORANGE_B$23;ORANGE_B$23;ORANGE_B$23;ORANGE_B$23;;;ORANGE_B$23;ORANGE_B$23;ORANGE_B$23;ORANGE_B$23;;;ORANGE_B$23;ORANGE_B$23;ORANGE_B$23;ORANGE_B$23;;;ORANGE_B$23;ORANGE_B$23;ORANGE_B$23;ORANGE_B$23;;;ORANGE_B$23;ORANGE_B$23;ORANGE_B$23;ORANGE_B$23;V10;V10;V10;V10;V10;V10;;;ORANGE_B$23;ORANGE_B$23;ORANGE_B$23;ORANGE_B$23;;;ORANGE_B$23;ORANGE_B$23;ORANGE_B$23;ORANGE_B$23;;;ORANGE_B$23;ORANGE_B$23;ORANGE_B$23;ORANGE_B$23;;;ORANGE_B$23;ORANGE_B$23;ORANGE_B$23;ORANGE_B$23;;;ORANGE_B$23;ORANGE_B$23;ORANGE_B$23;ORANGE_B$23;;;ORANGE_B$23;ORANGE_B$23;ORANGE_B$23;ORANGE_B$23;;;ORANGE_B$23;ORANGE_B$23;ORANGE_B$23;ORANGE_B$23;;;;;;-;-;-;-;-;-;-;-;-;-;-;-;V15;V15;V15;V15;V15;V15;;;ORANGE_B$23;ORANGE_B$23;ORANGE_B$23;;;;
B523;;ORANGE_B$23;ORANGE_B$23;ORANGE_B$23;ORANGE_B$23;;;ORANGE_B$23;ORANGE_B$23;ORANGE_B$23;ORANGE_B$23;;;ORANGE_B$23;ORANGE_B$23;ORANGE_B$23;ORANGE_B$23;;;ORANGE_B$23;ORANGE_B$23;ORANGE_B$23;ORANGE_B$23;;;ORANGE_B$23;ORANGE_B$23;ORANGE_B$23;ORANGE_B$23;;;ORANGE_B$23;ORANGE_B$23;ORANGE_B$23;ORANGE_B$23;;;;;;;;-;-;-;-;-;-;-;V15;V15;V15;V15;V15;V15;;;ORANGE_B$23;ORANGE_B$23;ORANGE_B$23;ORANGE_B$23;;;ORANGE_B$23;ORANGE_B$23;ORANGE_B$23;ORANGE_B$23;;;ORANGE_B$23;ORANGE_B$23;ORANGE_B$23;ORANGE_B$23;;;ORANGE_B$23;ORANGE_B$23;ORANGE_B$23;ORANGE_B$23;;;ORANGE_B$23;ORANGE_B$23;ORANGE_B$23;ORANGE_B$23;;;ORANGE_B$23;ORANGE_B$23;ORANGE_B$23;ORANGE_B$23;;;ORANGE_B$23;ORANGE_B$23;ORANGE_B$23;ORANGE_B$23;;;;;;-;;;;;
B524;;;ORANGE_B$23;ORANGE_B$23;ORANGE_B$23;ORANGE_B$23;;;ORANGE_B$23;ORANGE_B$23;ORANGE_B$23;ORANGE_B$23;;;;;;V30;V30;V30;V30;V30;V30;;;ORANGE_B$23;ORANGE_B$23;ORANGE_B$23;ORANGE_B$23;;;ORANGE_B$23;ORANGE_B$23;ORANGE_B$23;ORANGE_B$23;;;ORANGE_B$23;ORANGE_B$23;ORANGE_B$23;ORANGE_B$23;;;ORANGE_B$23;ORANGE_B$23;ORANGE_B$23;ORANGE_B$23;;;ORANGE_B$23;ORANGE_B$23;ORANGE_B$23;ORANGE_B$23;;;ORANGE_B$23;ORANGE_B$23;ORANGE_B$23;ORANGE_B$23;;;ORANGE_B$23;ORANGE_B$23;ORANGE_B$23;ORANGE_B$23;;;;;;-;-;-;-;-;-;-;-;-;-;-;-;V5;V5;V5;V5;V5;V5;;;ORANGE_B$23;ORANGE_B$23;ORANGE_B$23;ORANGE_B$23;;;ORANGE_B$23;ORANGE_B$23;ORANGE_B$23;ORANGE_B$23;;;ORANGE_B$23;ORANGE_B$23;;;;
B525;;;;;V10;V10;V10;V10;V10;V10;;;ORANGE_B$23;ORANGE_B$23;ORANGE_B$23;ORANGE_B$23;;;ORANGE_B$23;ORANGE_B$23;ORANGE_B$23;ORANGE_B$23;;;ORANGE_B$23;ORANGE_B$23;ORANGE_B$23;ORANGE_B$23;;;ORANGE_B$23;ORANGE_B$23;ORANGE_B$23;ORANGE_B$23;;;ORANGE_B$23;ORANGE_B$23;ORANGE_B$23;ORANGE_B$23;;;ORANGE_B$23;ORANGE_B$23;ORANGE_B$23;ORANGE_B$23;;;ORANGE_B$23;ORANGE_B$23;ORANGE_B$23;ORANGE_B$23;;;;;;-;-;-;-;-;-;-;-;-;-;-;-;V15;V15;V15;V15;V15;V15;;;ORANGE_B$23;ORANGE_B$23;ORANGE_B$23;ORANGE_B$23;;;ORANGE_B$23;ORANGE_B$23;ORANGE_B$23;ORANGE_B$23;;;ORANGE_B$23;ORANGE_B$23;ORANGE_B$23;ORANGE_B$23;;;ORANGE_B$23;ORANGE_B$23;ORANGE_B$23;ORANGE_B$23;;;ORANGE_B$23;ORANGE_B$23;ORANGE_B$23;;;;
B527;;;;;;;;;;;;;;;-;-;-;-;-;-;-;-;-;-;-;-;-;-;V10;V10;V10;V10;V10;V10;;;ORANGE_B$23;ORANGE_B$23;ORANGE_B$23;ORANGE_B$23;;;ORANGE_B$23;ORANGE_B$23;ORANGE_B$23;ORANGE_B$23;;;ORANGE_B$23;ORANGE_B$23;ORANGE_B$23;ORANGE_B$23;;;ORANGE_B$23;ORANGE_B$23;ORANGE_B$23;ORANGE_B$23;;;ORANGE_B$23;ORANGE_B$23;ORANGE_B$23;ORANGE_B$23;;;ORANGE_B$23;ORANGE_B$23;ORANGE_B$23;ORANGE_B$23;;;ORANGE_B$23;ORANGE_B$23;ORANGE_B$23;ORANGE_B$23;;;;;;-;-;-;-;-;-;-;-;-;-;-;-;V15;V15;V15;V15;V15;V15;;;ORANGE_B$23;ORANGE_B$23;ORANGE_B$23;;;;
B528;;;ORANGE_B$23;ORANGE_B$23;ORANGE_B$23;ORANGE_B$23;;;ORANGE_B$23;ORANGE_B$23;ORANGE_B$23;ORANGE_B$23;;;;;;;;;;;;-;-;-;-;-;-;-;-;-;-;V10;V10;V10;V10;V10;V10;;;ORANGE_B$23;ORANGE_B$23;ORANGE_B$23;ORANGE_B$23;;;ORANGE_B$23;ORANGE_B$23;ORANGE_B$23;ORANGE_B$23;;;ORANGE_B$23;ORANGE_B$23;ORANGE_B$23;ORANGE_B$23;;;ORANGE_B$23;ORANGE_B$23;ORANGE_B$23;ORANGE_B$23;;;ORANGE_B$23;ORANGE_B$23;ORANGE_B$23;ORANGE_B$23;;;ORANGE_B$23;ORANGE_B$23;ORANGE_B$23;ORANGE_B$23;;;ORANGE_B$23;ORANGE_B$23;ORANGE_B$23;ORANGE_B$23;;;;;;-;-;-;-;-;-;-;-;-;-;-;-;V15;V15;V15;V15;V15;V15;;;;
B529;;;ORANGE_B$23;ORANGE_B$23;ORANGE_B$23;ORANGE_B$23;;;;;;;;;;;;-;-;-;-;-;-;-;-;-;-;-;-;-;-;-;-;V10;V10;V10;V10;V10;V10;;;ORANGE_B$23;ORANGE_B$23;ORANGE_B$23;ORANGE_B$23;;;ORANGE_B$23;ORANGE_B$23;ORANGE_B$23;ORANGE_B$23;;;ORANGE_B$23;ORANGE_B$23;ORANGE_B$23;ORANGE_B$23;;;ORANGE_B$23;ORANGE_B$23;ORANGE_B$23;ORANGE_B$23;;;ORANGE_B$23;ORANGE_B$23;ORANGE_B$23;ORANGE_B$23;;;ORANGE_B$23;ORANGE_B$23;ORANGE_B$23;ORANGE_B$23;;;ORANGE_B$23;ORANGE_B$23;ORANGE_B$23;ORANGE_B$23;;;;;;-;-;-;-;-;-;-;-;-;-;-;-;V15;V15;V15;V15;V15;V15;;;;
B530;;;ORANGE_B$23;ORANGE_B$23;ORANGE_B$23;ORANGE_B$23;;;ORANGE_B$23;ORANGE_B$23;ORANGE_B$23;ORANGE_B$23;;;ORANGE_B$23;ORANGE_B$23;ORANGE_B$23;ORANGE_B$23;;;ORANGE_B$23;ORANGE_B$23;ORANGE_B$23;ORANGE_B$23;;;;;;;;-;-;-;-;-;-;-;-;-;-;-;-;-;V5;V5;V5;V5;V5;V5;;;ORANGE_B$23;ORANGE_B$23;ORANGE_B$23;ORANGE_B$23;;;ORANGE_B$23;ORANGE_B$23;ORANGE_B$23;ORANGE_B$23;;;ORANGE_B$23;ORANGE_B$23;ORANGE_B$23;ORANGE_B$23;;;ORANGE_B$23;ORANGE_B$23;ORANGE_B$23;ORANGE_B$23;;;ORANGE_B$23;ORANGE_B$23;ORANGE_B$23;ORANGE_B$23;;;ORANGE_B$23;ORANGE_B$23;ORANGE_B$23;ORANGE_B$23;;;ORANGE_B$23;ORANGE_B$23;ORANGE_B$23;ORANGE_B$23;;;;;;-;-;-;-;-;-;;;;;
C064;NIAMEY_C$50;NIAMEY_C$50;NIAMEY_C$50;NIAMEY_C$50;;;NIAMEY_C$50;NIAMEY_C$50;NIAMEY_C$50;NIAMEY_C$50;;;NIAMEY_C$50;NIAMEY_C$50;NIAMEY_C$50;NIAMEY_C$50;V30;V30;V30;V30;V30;V30;;;NIAMEY_C$50;NIAMEY_C$50;NIAMEY_C$50;NIAMEY_C$50;;;NIAMEY_C$50;NIAMEY_C$50;NIAMEY_C$50;NIAMEY_C$50;;;;;;;NIAMEY_C$50;NIAMEY_C$50;NIAMEY_C$50;NIAMEY_C$50;;;;;;;;;;;;;-;-;-;-;-;-;-;-;-;-;-;-;-;-;-;-;-;-;-;-;-;-;-;-;-;V5;V5;V5;V5;V5;V5;;;;;;;;;;;;;;;;;;;;;
C096;;;;;;;;;V30;V30;V30;V30;V30;V30;;;NIAMEY_C$50;NIAMEY_C$50;NIAMEY_C$50;NIAMEY_C$50;;;MARSAN_C$23;MARSAN_C$23;MARSAN_C$23;MARSAN_C$23;;;NIAMEY_C$50;NIAMEY_C$50;NIAMEY_C$50;NIAMEY_C$50;;;;;;;;;;;;;;;;;;;;;;;-;-;-;-;-;-;-;-;-;-;-;-;-;-;-;-;-;-;-;V5;V5;V5;V5;V5;V5;;;;;;;;;;;;;;;;;;;;;;;;;;;;;
C101;;;;;-;-;-;-;V15;V15;V15;V15;V15;V15;;;NIAMEY_C$50;NIAMEY_C$50;NIAMEY_C$50;NIAMEY_C$50;;;ORANGE_C$23;ORANGE_C$23;ORANGE_C$23;ORANGE_C$23;;;ORANGE_C$23;ORANGE_C$23;;;;;;;NIAMEY_C$50;NIAMEY_C$50;NIAMEY_C$50;NIAMEY_C$50;;;;;;;;;;;;;;-;-;-;-;-;-;-;-;-;-;-;-;-;-;-;-;-;-;-;-;V20;V20;V20;V20;V20;V20;;;;;;;;;;;;;;;;;;;;;;;;;;;;;
C102;MARSAN_C$23;MARSAN_C$23;MARSAN_C$23;MARSAN_C$23;;;NIAMEY_C$50;NIAMEY_C$50;NIAMEY_C$50;NIAMEY_C$50;;;NIAMEY_C$50;NIAMEY_C$50;NIAMEY_C$50;NIAMEY_C$50;;;ORANGE_C$23;ORANGE_C$23;ORANGE_C$23;ORANGE_C$23;;;ORANGE_C$23;ORANGE_C$23;ORANGE_C$23;ORANGE_C$23;;;;ORANGE_C$23;;;;;;-;-;-;-;-;-;-;-;-;-;-;-;-;-;-;-;-;-;-;-;-;V15;V15;V15;V15;V15;V15;;;NIAMEY_C$50;NIAMEY_C$50;NIAMEY_C$50;NIAMEY_C$50;;;;;;;;;;;;;;;;;;;;;;;;;;;;;;;;;;;;;;
C105;ORANGE_C$23;ORANGE_C$23;ORANGE_C$23;ORANGE_C$23;;;MARSAN_C$23;MARSAN_C$23;MARSAN_C$23;MARSAN_C$23;;;MARSAN_C$23;MARSAN_C$23;MARSAN_C$23;MARSAN_C$23;;;MARSAN_C$23;MARSAN_C$23;MARSAN_C$23;MARSAN_C$23;;;;;;;;;;;-;-;-;-;-;-;-;-;-;V30;V30;V30;V30;V30;V30;;;;;;NIAMEY_C$50;NIAMEY_C$50;NIAMEY_C$50;NIAMEY_C$50;;;;;NIAMEY_C$50;NIAMEY_C$50;NIAMEY_C$50;NIAMEY_C$50;;;;;;;;;;;;;;;;;;;;;;;;;-;-;-;-;-;-;-;-;-;-;-;-;-;-;-;;;;;
C106;;;;;;V15;V15;V15;V15;V15;V15;;;ORANGE_C$23;ORANGE_C$23;ORANGE_C$23;ORANGE_C$23;;;ORANGE_C$23;ORANGE_C$23;ORANGE_C$23;ORANGE_C$23;;;NIAMEY_C$50;NIAMEY_C$50;NIAMEY_C$50;NIAMEY_C$50;;;MARSAN_C$23;;;;;;;;;;;;;;;;;;;;;;;;;-;-;-;-;-;-;-;-;-;-;-;-;-;-;V20;V20;V20;V20;V20;V20;;;;;;;;;;;;;;;;;;;;;;;;;;;;;;;;
C107;;NIAMEY_C$50;NIAMEY_C$50;NIAMEY_C$50;NIAMEY_C$50;;;ORANGE_C$23;ORANGE_C$23;ORANGE_C$23;ORANGE_C$23;;;ORANGE_C$23;ORANGE_C$23;ORANGE_C$23;ORANGE_C$23;;;ORANGE_C$23;ORANGE_C$23;ORANGE_C$23;ORANGE_C$23;;;ORANGE_C$23;ORANGE_C$23;ORANGE_C$23;ORANGE_C$23;;;ORANGE_C$23;;;;;;;;;;;;-;-;-;-;-;-;-;-;-;-;-;-;-;-;-;-;V15;V15;V15;V15;V15;V15;;;;NIAMEY_C$50;NIAMEY_C$50;;;;;;;;;;;;;;;;;;;;;;;;;;;;;;;;;;;;;;
C108;;ORANGE_C$23;ORANGE_C$23;ORANGE_C$23;ORANGE_C$23;;;ORANGE_C$23;ORANGE_C$23;ORANGE_C$23;ORANGE_C$23;;;ORANGE_C$23;ORANGE_C$23;ORANGE_C$23;ORANGE_C$23;;;ORANGE_C$23;ORANGE_C$23;ORANGE_C$23;ORANGE_C$23;;;ORANGE_C$23;ORANGE_C$23;ORANGE_C$23;ORANGE_C$23;;;ORANGE_C$23;;;;;;;;;;;;;;;;;;-;-;-;-;-;-;-;-;-;-;-;-;-;-;V15;V15;V15;V15;V15;V15;;;;;;;;;;;;;;;;;;;;;;;;;;;;;;;;;;;;;;;
C109;-;-;-;-;-;-;-;-;-;-;-;-;-;-;-;-;-;-;-;-;-;-;-;-;-;-;-;-;-;-;-;-;-;-;-;-;-;-;-;-;-;-;-;-;-;-;-;-;-;-;-;-;-;-;-;-;-;-;-;-;-;-;-;-;V15;V15;V15;V15;V15;V15;;;;;;;;;;;;;;;;;;;;;;;;;;;;;;;;;;;;;;
C113;;;ORANGE_C$23;ORANGE_C$23;ORANGE_C$23;ORANGE_C$23;;;ORANGE_C$23;ORANGE_C$23;ORANGE_C$23;ORANGE_C$23;;;ORANGE_C$23;ORANGE_C$23;ORANGE_C$23;ORANGE_C$23;;;NIAMEY_C$50;NIAMEY_C$50;NIAMEY_C$50;NIAMEY_C$50;;;ORANGE_C$23;ORANGE_C$23;ORANGE_C$23;ORANGE_C$23;;;;;;;;;;;;;;;-;-;-;-;-;-;-;-;-;-;-;-;-;-;-;V30;V30;V30;V30;V30;V30;;;;;;NIAMEY_C$50;NIAMEY_C$50;;;;;;;;;;;;;;;;;;;;;;;;;;;;;;;;;;;;
C118;;;ORANGE_C$23;ORANGE_C$23;ORANGE_C$23;ORANGE_C$23;;;ORANGE_C$23;ORANGE_C$23;ORANGE_C$23;ORANGE_C$23;;;ORANGE_C$23;ORANGE_C$23;ORANGE_C$23;ORANGE_C$23;;;ORANGE_C$23;ORANGE_C$23;ORANGE_C$23;ORANGE_C$23;;;;;;;;;;;-;-;-;-;-;-;V10;V10;V10;V10;V10;V10;;;NIAMEY_C$50;NIAMEY_C$50;NIAMEY_C$50;NIAMEY_C$50;;;;;NIAMEY_C$50;NIAMEY_C$50;NIAMEY_C$50;NIAMEY_C$50;;;;;NIAMEY_C$50;NIAMEY_C$50;NIAMEY_C$50;NIAMEY_C$50;;;;;;;;;;;;;-;-;-;-;-;-;-;-;-;-;-;-;-;-;-;-;-;-;-;-;-;-;-;;;;;
C120;;V15;V15;V15;V15;V15;V15;;;ORANGE_C$23;ORANGE_C$23;ORANGE_C$23;ORANGE_C$23;;;ORANGE_C$23;ORANGE_C$23;ORANGE_C$23;ORANGE_C$23;;;ORANGE_C$23;ORANGE_C$23;ORANGE_C$23;ORANGE_C$23;;;ORANGE_C$23;ORANGE_C$23;ORANGE_C$23;;;;;NIAMEY_C$50;NIAMEY_C$50;NIAMEY_C$50;NIAMEY_C$50;;;;;;;;;;;;;;-;-;-;-;-;-;-;-;-;-;-;-;-;-;-;V20;V20;V20;V20;V20;V20;;;;;;;;;;;;;;;;;;;;;;;;;;;;;;;;;;;;
C121;;;ORANGE_C$23;ORANGE_C$23;ORANGE_C$23;ORANGE_C$23;;;ORANGE_C$23;ORANGE_C$23;ORANGE_C$23;ORANGE_C$23;;;ORANGE_C$23;ORANGE_C$23;ORANGE_C$23;ORANGE_C$23;;;NIAMEY_C$50;NIAMEY_C$50;NIAMEY_C$50;NIAMEY_C$50;;;MARSAN_C$23;MARSAN_C$23;MARSAN_C$23;MARSAN_C$23;;;;;;;;;;;;;;;-;-;-;-;-;-;-;-;-;-;-;-;-;-;-;V10;V10;V10;V10;V10;V10;;;;;;NIAMEY_C$50;NIAMEY_C$50;;;;;;;;;;;;;;;;;;;;;;;;;;;;;;;;;;;;
C122;;;;;;;-;-;-;-;-;-;-;V10;V10;V10;V10;V10;V10;;;ORANGE_C$23;ORANGE_C$23;ORANGE_C$23;ORANGE_C$23;;;ORANGE_C$23;ORANGE_C$23;ORANGE_C$23;;;NIAMEY_C$50;NIAMEY_C$50;NIAMEY_C$50;NIAMEY_C$50;;;NIAMEY_C$50;NIAMEY_C$50;NIAMEY_C$50;NIAMEY_C$50;;;;;;;;;;;;;;;;;-;-;-;-;-;-;-;-;-;-;-;-;-;-;-;-;-;-;-;-;V15;V15;V15;V15;V15;V15;;;;;;;;;;;;;;;;;;;;;;;;
C123;;;ORANGE_C$23;ORANGE_C$23;ORANGE_C$23;ORANGE_C$23;;;ORANGE_C$23;ORANGE_C$23;ORANGE_C$23;ORANGE_C$23;;;;;;;;;;;-;-;-;-;-;-;-;-;-;-;-;-;V10;V10;V10;V10;V10;V10;;;NIAMEY_C$50;NIAMEY_C$50;NIAMEY_C$50;NIAMEY_C$50;;;NIAMEY_C$50;NIAMEY_C$50;NIAMEY_C$50;NIAMEY_C$50;;;;;NIAMEY_C$50;NIAMEY_C$50;NIAMEY_C$50;NIAMEY_C$50;;;;;;;;;;;;;;;-;-;-;-;-;-;-;-;-;-;-;-;-;-;-;-;-;-;-;-;-;-;-;-;-;V15;V15;V15;V15;V15;V15;;;
C124;;;ORANGE_C$23;ORANGE_C$23;ORANGE_C$23;ORANGE_C$23;;;ORANGE_C$23;ORANGE_C$23;ORANGE_C$23;ORANGE_C$23;;;;;;;;;;-;-;-;-;-;-;-;-;-;-;-;-;-;-;V10;V10;V10;V10;V10;V10;;;;NIAMEY_C$50;NIAMEY_C$50;NIAMEY_C$50;NIAMEY_C$50;;;;;NIAMEY_C$50;NIAMEY_C$50;NIAMEY_C$50;NIAMEY_C$50;;;;;NIAMEY_C$50;NIAMEY_C$50;NIAMEY_C$50;NIAMEY_C$50;;;;;;;;;;;;-;-;-;-;-;-;-;-;-;-;-;-;-;-;-;-;-;-;-;-;-;-;-;-;-;V15;V15;V15;V15;V15;V15;;
5F038;DJIBOUTI_5F$23;DJIBOUTI_5F$23;DJIBOUTI_5F$23;DJIBOUTI_5F$23;;;DJIBOUTI_5F$23;DJIBOUTI_5F$23;DJIBOUTI_5F$23;DJIBOUTI_5F$23;;;DJIBOUTI_5F$23;DJIBOUTI_5F$23;DJIBOUTI_5F$23;DJIBOUTI_5F$23;;;DJIBOUTI_5F$23;DJIBOUTI_5F$23;DJIBOUTI_5F$23;DJIBOUTI_5F$23;;;DJIBOUTI_5F$23;DJIBOUTI_5F$23;DJIBOUTI_5F$23;DJIBOUTI_5F$23;;V10;V10;V10;V10;V10;V10;;;LUXEUIL_5F$23;LUXEUIL_5F$23;LUXEUIL_5F$23;LUXEUIL_5F$23;;;LUXEUIL_5F$23;LUXEUIL_5F$23;LUXEUIL_5F$23;LUXEUIL_5F$23;;;LUXEUIL_5F$23;LUXEUIL_5F$23;LUXEUIL_5F$23;LUXEUIL_5F$23;;;LUXEUIL_5F$23;LUXEUIL_5F$23;LUXEUIL_5F$23;LUXEUIL_5F$23;;;LUXEUIL_5F$23;LUXEUIL_5F$23;LUXEUIL_5F$23;LUXEUIL_5F$23;;;LUXEUIL_5F$23;LUXEUIL_5F$23;LUXEUIL_5F$23;LUXEUIL_5F$23;;;LUXEUIL_5F$23;LUXEUIL_5F$23;LUXEUIL_5F$23;LUXEUIL_5F$23;;;LUXEUIL_5F$23;LUXEUIL_5F$23;LUXEUIL_5F$23;LUXEUIL_5F$23;;;;;;;;;;-;-;V15;V15;V15;V15;V15;V15;;;DJIBOUTI_5F$23;DJIBOUTI_5F$23;DJIBOUTI_5F$23;DJIBOUTI_5F$23;;
5F040;LUXEUIL_5F$23;LUXEUIL_5F$23;LUXEUIL_5F$23;LUXEUIL_5F$23;;;DJIBOUTI_5F$23;DJIBOUTI_5F$23;DJIBOUTI_5F$23;DJIBOUTI_5F$23;;;DJIBOUTI_5F$23;DJIBOUTI_5F$23;DJIBOUTI_5F$23;DJIBOUTI_5F$23;;;DJIBOUTI_5F$23;DJIBOUTI_5F$23;DJIBOUTI_5F$23;DJIBOUTI_5F$23;;;LUXEUIL_5F$23;LUXEUIL_5F$23;LUXEUIL_5F$23;LUXEUIL_5F$23;;;DJIBOUTI_5F$23;DJIBOUTI_5F$23;DJIBOUTI_5F$23;DJIBOUTI_5F$23;;V20;V20;V20;V20;V20;V20;;;DJIBOUTI_5F$23;DJIBOUTI_5F$23;DJIBOUTI_5F$23;DJIBOUTI_5F$23;;;LUXEUIL_5F$23;LUXEUIL_5F$23;LUXEUIL_5F$23;LUXEUIL_5F$23;;;DJIBOUTI_5F$23;DJIBOUTI_5F$23;DJIBOUTI_5F$23;DJIBOUTI_5F$23;;;LUXEUIL_5F$23;LUXEUIL_5F$23;LUXEUIL_5F$23;LUXEUIL_5F$23;;;LUXEUIL_5F$23;LUXEUIL_5F$23;LUXEUIL_5F$23;LUXEUIL_5F$23;;;LUXEUIL_5F$23;LUXEUIL_5F$23;LUXEUIL_5F$23;LUXEUIL_5F$23;;;LUXEUIL_5F$23;LUXEUIL_5F$23;LUXEUIL_5F$23;LUXEUIL_5F$23;;;LUXEUIL_5F$23;LUXEUIL_5F$23;LUXEUIL_5F$23;LUXEUIL_5F$23;;;;;;;;;;-;-;V25;V25;V25;V25;V25;V25;;
5F041;MARSAN_5F$23;MARSAN_5F$23;MARSAN_5F$23;MARSAN_5F$23;;;DJIBOUTI_5F$23;DJIBOUTI_5F$23;DJIBOUTI_5F$23;DJIBOUTI_5F$23;;;LUXEUIL_5F$23;LUXEUIL_5F$23;LUXEUIL_5F$23;LUXEUIL_5F$23;;;DJIBOUTI_5F$23;DJIBOUTI_5F$23;DJIBOUTI_5F$23;DJIBOUTI_5F$23;;;LUXEUIL_5F$23;LUXEUIL_5F$23;LUXEUIL_5F$23;LUXEUIL_5F$23;;;LUXEUIL_5F$23;LUXEUIL_5F$23;LUXEUIL_5F$23;LUXEUIL_5F$23;;;LUXEUIL_5F$23;LUXEUIL_5F$23;LUXEUIL_5F$23;LUXEUIL_5F$23;;;LUXEUIL_5F$23;LUXEUIL_5F$23;LUXEUIL_5F$23;LUXEUIL_5F$23;;;;;;;;;;;;V15;V15;V15;V15;V15;V15;;;LUXEUIL_5F$23;LUXEUIL_5F$23;LUXEUIL_5F$23;LUXEUIL_5F$23;;;DJIBOUTI_5F$23;DJIBOUTI_5F$23;DJIBOUTI_5F$23;DJIBOUTI_5F$23;;;LUXEUIL_5F$23;LUXEUIL_5F$23;LUXEUIL_5F$23;LUXEUIL_5F$23;;;LUXEUIL_5F$23;LUXEUIL_5F$23;LUXEUIL_5F$23;LUXEUIL_5F$23;;;LUXEUIL_5F$23;LUXEUIL_5F$23;LUXEUIL_5F$23;LUXEUIL_5F$23;;;LUXEUIL_5F$23;LUXEUIL_5F$23;LUXEUIL_5F$23;LUXEUIL_5F$23;;;LUXEUIL_5F$23;LUXEUIL_5F$23;LUXEUIL_5F$23;LUXEUIL_5F$23;;;
5F042;;DJIBOUTI_5F$23;DJIBOUTI_5F$23;DJIBOUTI_5F$23;DJIBOUTI_5F$23;;;;;;;;;;V15;V15;V15;V15;V15;V15;;;DJIBOUTI_5F$23;DJIBOUTI_5F$23;DJIBOUTI_5F$23;DJIBOUTI_5F$23;;;DJIBOUTI_5F$23;DJIBOUTI_5F$23;DJIBOUTI_5F$23;DJIBOUTI_5F$23;;;DJIBOUTI_5F$23;DJIBOUTI_5F$23;DJIBOUTI_5F$23;DJIBOUTI_5F$23;;;LUXEUIL_5F$23;LUXEUIL_5F$23;LUXEUIL_5F$23;LUXEUIL_5F$23;;;DJIBOUTI_5F$23;DJIBOUTI_5F$23;DJIBOUTI_5F$23;DJIBOUTI_5F$23;;;LUXEUIL_5F$23;LUXEUIL_5F$23;LUXEUIL_5F$23;LUXEUIL_5F$23;;;LUXEUIL_5F$23;LUXEUIL_5F$23;LUXEUIL_5F$23;LUXEUIL_5F$23;;;LUXEUIL_5F$23;LUXEUIL_5F$23;LUXEUIL_5F$23;LUXEUIL_5F$23;;;;;;;;;;-;-;V20;V20;V20;V20;V20;V20;;;DJIBOUTI_5F$23;DJIBOUTI_5F$23;DJIBOUTI_5F$23;DJIBOUTI_5F$23;;;LUXEUIL_5F$23;LUXEUIL_5F$23;LUXEUIL_5F$23;LUXEUIL_5F$23;;;DJIBOUTI_5F$23;DJIBOUTI_5F$23;DJIBOUTI_5F$23;DJIBOUTI_5F$23;;;;;
5F043;;LUXEUIL_5F$23;LUXEUIL_5F$23;LUXEUIL_5F$23;LUXEUIL_5F$23;;;LUXEUIL_5F$23;LUXEUIL_5F$23;LUXEUIL_5F$23;LUXEUIL_5F$23;;;LUXEUIL_5F$23;LUXEUIL_5F$23;LUXEUIL_5F$23;LUXEUIL_5F$23;;;;;;V15;V15;V15;V15;V15;V15;;;DJIBOUTI_5F$23;DJIBOUTI_5F$23;DJIBOUTI_5F$23;DJIBOUTI_5F$23;;;DJIBOUTI_5F$23;DJIBOUTI_5F$23;DJIBOUTI_5F$23;DJIBOUTI_5F$23;;;DJIBOUTI_5F$23;DJIBOUTI_5F$23;DJIBOUTI_5F$23;DJIBOUTI_5F$23;;;LUXEUIL_5F$23;LUXEUIL_5F$23;LUXEUIL_5F$23;LUXEUIL_5F$23;;;LUXEUIL_5F$23;LUXEUIL_5F$23;LUXEUIL_5F$23;LUXEUIL_5F$23;;;LUXEUIL_5F$23;LUXEUIL_5F$23;LUXEUIL_5F$23;LUXEUIL_5F$23;;;LUXEUIL_5F$23;LUXEUIL_5F$23;LUXEUIL_5F$23;LUXEUIL_5F$23;;;LUXEUIL_5F$23;LUXEUIL_5F$23;LUXEUIL_5F$23;LUXEUIL_5F$23;;;;;;;;;;-;-;V20;V20;V20;V20;V20;V20;;;DJIBOUTI_5F$23;DJIBOUTI_5F$23;DJIBOUTI_5F$23;DJIBOUTI_5F$23;;;LUXEUIL_5F$23;LUXEUIL_5F$23;LUXEUIL_5F$23;LUXEUIL_5F$23;;;
5F044;;;DJIBOUTI_5F$23;DJIBOUTI_5F$23;DJIBOUTI_5F$23;DJIBOUTI_5F$23;;;DJIBOUTI_5F$23;DJIBOUTI_5F$23;DJIBOUTI_5F$23;DJIBOUTI_5F$23;;;;V20;V20;V20;V20;V20;V20;;;DJIBOUTI_5F$23;DJIBOUTI_5F$23;DJIBOUTI_5F$23;DJIBOUTI_5F$23;;;LUXEUIL_5F$23;LUXEUIL_5F$23;LUXEUIL_5F$23;LUXEUIL_5F$23;;;DJIBOUTI_5F$23;DJIBOUTI_5F$23;DJIBOUTI_5F$23;DJIBOUTI_5F$23;;;LUXEUIL_5F$23;LUXEUIL_5F$23;LUXEUIL_5F$23;LUXEUIL_5F$23;;;LUXEUIL_5F$23;LUXEUIL_5F$23;LUXEUIL_5F$23;LUXEUIL_5F$23;;;LUXEUIL_5F$23;LUXEUIL_5F$23;LUXEUIL_5F$23;LUXEUIL_5F$23;;;LUXEUIL_5F$23;LUXEUIL_5F$23;LUXEUIL_5F$23;LUXEUIL_5F$23;;;LUXEUIL_5F$23;LUXEUIL_5F$23;LUXEUIL_5F$23;LUXEUIL_5F$23;;;;;;;;;;-;-;V25;V25;V25;V25;V25;V25;;;DJIBOUTI_5F$23;DJIBOUTI_5F$23;DJIBOUTI_5F$23;DJIBOUTI_5F$23;;;DJIBOUTI_5F$23;DJIBOUTI_5F$23;DJIBOUTI_5F$23;DJIBOUTI_5F$23;;;DJIBOUTI_5F$23;DJIBOUTI_5F$23;DJIBOUTI_5F$23;DJIBOUTI_5F$23;;;;
5F045;;;LUXEUIL_5F$23;LUXEUIL_5F$23;LUXEUIL_5F$23;LUXEUIL_5F$23;;;LUXEUIL_5F$23;LUXEUIL_5F$23;LUXEUIL_5F$23;LUXEUIL_5F$23;;;LUXEUIL_5F$23;LUXEUIL_5F$23;LUXEUIL_5F$23;LUXEUIL_5F$23;;;LUXEUIL_5F$23;LUXEUIL_5F$23;LUXEUIL_5F$23;LUXEUIL_5F$23;;;LUXEUIL_5F$23;LUXEUIL_5F$23;LUXEUIL_5F$23;LUXEUIL_5F$23;;;LUXEUIL_5F$23;LUXEUIL_5F$23;LUXEUIL_5F$23;LUXEUIL_5F$23;;;LUXEUIL_5F$23;LUXEUIL_5F$23;LUXEUIL_5F$23;LUXEUIL_5F$23;;;LUXEUIL_5F$23;LUXEUIL_5F$23;LUXEUIL_5F$23;LUXEUIL_5F$23;;;;;;;;;;-;-;-;-;-;V10;V10;V10;V10;V10;V10;;;DJIBOUTI_5F$23;DJIBOUTI_5F$23;DJIBOUTI_5F$23;DJIBOUTI_5F$23;;;DJIBOUTI_5F$23;DJIBOUTI_5F$23;DJIBOUTI_5F$23;DJIBOUTI_5F$23;;;DJIBOUTI_5F$23;DJIBOUTI_5F$23;DJIBOUTI_5F$23;DJIBOUTI_5F$23;;;LUXEUIL_5F$23;LUXEUIL_5F$23;LUXEUIL_5F$23;LUXEUIL_5F$23;;;LUXEUIL_5F$23;LUXEUIL_5F$23;LUXEUIL_5F$23;LUXEUIL_5F$23;;;LUXEUIL_5F$23;LUXEUIL_5F$23;LUXEUIL_5F$23;LUXEUIL_5F$23;;;;
5F046;;;LUXEUIL_5F$23;LUXEUIL_5F$23;LUXEUIL_5F$23;LUXEUIL_5F$23;;;LUXEUIL_5F$23;LUXEUIL_5F$23;LUXEUIL_5F$23;LUXEUIL_5F$23;;;LUXEUIL_5F$23;LUXEUIL_5F$23;LUXEUIL_5F$23;LUXEUIL_5F$23;;;LUXEUIL_5F$23;LUXEUIL_5F$23;LUXEUIL_5F$23;LUXEUIL_5F$23;;;;;;;;;;;V20;V20;V20;V20;V20;V20;;;DJIBOUTI_5F$23;DJIBOUTI_5F$23;DJIBOUTI_5F$23;DJIBOUTI_5F$23;;;DJIBOUTI_5F$23;DJIBOUTI_5F$23;DJIBOUTI_5F$23;DJIBOUTI_5F$23;;;DJIBOUTI_5F$23;DJIBOUTI_5F$23;DJIBOUTI_5F$23;DJIBOUTI_5F$23;;;LUXEUIL_5F$23;LUXEUIL_5F$23;LUXEUIL_5F$23;LUXEUIL_5F$23;;;DJIBOUTI_5F$23;DJIBOUTI_5F$23;DJIBOUTI_5F$23;DJIBOUTI_5F$23;;;LUXEUIL_5F$23;LUXEUIL_5F$23;LUXEUIL_5F$23;LUXEUIL_5F$23;;;DJIBOUTI_5F$23;DJIBOUTI_5F$23;DJIBOUTI_5F$23;DJIBOUTI_5F$23;;;LUXEUIL_5F$23;LUXEUIL_5F$23;LUXEUIL_5F$23;LUXEUIL_5F$23;;;;;;;;;;-;-;V25;V25;V25;V25;V25;V25;;;
5F047;;;LUXEUIL_5F$23;LUXEUIL_5F$23;LUXEUIL_5F$23;LUXEUIL_5F$23;;;LUXEUIL_5F$23;LUXEUIL_5F$23;LUXEUIL_5F$23;LUXEUIL_5F$23;;;LUXEUIL_5F$23;LUXEUIL_5F$23;LUXEUIL_5F$23;LUXEUIL_5F$23;;;LUXEUIL_5F$23;LUXEUIL_5F$23;LUXEUIL_5F$23;LUXEUIL_5F$23;;;DJIBOUTI_5F$23;DJIBOUTI_5F$23;DJIBOUTI_5F$23;DJIBOUTI_5F$23;;;DJIBOUTI_5F$23;DJIBOUTI_5F$23;DJIBOUTI_5F$23;DJIBOUTI_5F$23;;;DJIBOUTI_5F$23;DJIBOUTI_5F$23;DJIBOUTI_5F$23;DJIBOUTI_5F$23;V15;V15;V15;V15;V15;V15;;;DJIBOUTI_5F$23;DJIBOUTI_5F$23;DJIBOUTI_5F$23;DJIBOUTI_5F$23;;;DJIBOUTI_5F$23;DJIBOUTI_5F$23;DJIBOUTI_5F$23;DJIBOUTI_5F$23;;;DJIBOUTI_5F$23;DJIBOUTI_5F$23;DJIBOUTI_5F$23;DJIBOUTI_5F$23;;;LUXEUIL_5F$23;LUXEUIL_5F$23;LUXEUIL_5F$23;LUXEUIL_5F$23;;;DJIBOUTI_5F$23;DJIBOUTI_5F$23;DJIBOUTI_5F$23;DJIBOUTI_5F$23;;;LUXEUIL_5F$23;LUXEUIL_5F$23;LUXEUIL_5F$23;LUXEUIL_5F$23;;;DJIBOUTI_5F$23;DJIBOUTI_5F$23;DJIBOUTI_5F$23;DJIBOUTI_5F$23;;;LUXEUIL_5F$23;LUXEUIL_5F$23;LUXEUIL_5F$23;LUXEUIL_5F$23;;;;;;;;;;;;
5F048;;;;;MARSAN_5F$23;MARSAN_5F$23;MARSAN_5F$23;MARSAN_5F$23;;;DJIBOUTI_5F$23;DJIBOUTI_5F$23;DJIBOUTI_5F$23;DJIBOUTI_5F$23;;;;;;;;;;-;-;-;-;-;-;-;V10;V10;V10;V10;V10;V10;;;LUXEUIL_5F$23;LUXEUIL_5F$23;LUXEUIL_5F$23;LUXEUIL_5F$23;;;LUXEUIL_5F$23;LUXEUIL_5F$23;LUXEUIL_5F$23;LUXEUIL_5F$23;;;LUXEUIL_5F$23;LUXEUIL_5F$23;LUXEUIL_5F$23;LUXEUIL_5F$23;;;LUXEUIL_5F$23;LUXEUIL_5F$23;LUXEUIL_5F$23;LUXEUIL_5F$23;;;LUXEUIL_5F$23;LUXEUIL_5F$23;LUXEUIL_5F$23;LUXEUIL_5F$23;;;LUXEUIL_5F$23;LUXEUIL_5F$23;LUXEUIL_5F$23;LUXEUIL_5F$23;;;LUXEUIL_5F$23;LUXEUIL_5F$23;LUXEUIL_5F$23;LUXEUIL_5F$23;;;LUXEUIL_5F$23;LUXEUIL_5F$23;LUXEUIL_5F$23;LUXEUIL_5F$23;;;;;;;;;;-;-;V15;V15;V15;V15;V15;V15;;;;;;;
5F049;;;LUXEUIL_5F$23;LUXEUIL_5F$23;LUXEUIL_5F$23;LUXEUIL_5F$23;;;LUXEUIL_5F$23;LUXEUIL_5F$23;LUXEUIL_5F$23;LUXEUIL_5F$23;;;LUXEUIL_5F$23;LUXEUIL_5F$23;LUXEUIL_5F$23;LUXEUIL_5F$23;;;LUXEUIL_5F$23;LUXEUIL_5F$23;LUXEUIL_5F$23;LUXEUIL_5F$23;;;;;;;;;V20;V20;V20;V20;V20;V20;;;DJIBOUTI_5F$23;DJIBOUTI_5F$23;DJIBOUTI_5F$23;DJIBOUTI_5F$23;;;DJIBOUTI_5F$23;DJIBOUTI_5F$23;DJIBOUTI_5F$23;DJIBOUTI_5F$23;;;DJIBOUTI_5F$23;DJIBOUTI_5F$23;DJIBOUTI_5F$23;DJIBOUTI_5F$23;;;DJIBOUTI_5F$23;DJIBOUTI_5F$23;DJIBOUTI_5F$23;DJIBOUTI_5F$23;;;LUXEUIL_5F$23;LUXEUIL_5F$23;LUXEUIL_5F$23;LUXEUIL_5F$23;;;LUXEUIL_5F$23;LUXEUIL_5F$23;LUXEUIL_5F$23;LUXEUIL_5F$23;;;LUXEUIL_5F$23;LUXEUIL_5F$23;LUXEUIL_5F$23;LUXEUIL_5F$23;;;LUXEUIL_5F$23;LUXEUIL_5F$23;LUXEUIL_5F$23;LUXEUIL_5F$23;;;;;;;;;;-;-;V25;V25;V25;V25;V25;V25;;;;;
5F051;;;LUXEUIL_5F$23;LUXEUIL_5F$23;LUXEUIL_5F$23;LUXEUIL_5F$23;;;LUXEUIL_5F$23;LUXEUIL_5F$23;LUXEUIL_5F$23;LUXEUIL_5F$23;;;LUXEUIL_5F$23;LUXEUIL_5F$23;LUXEUIL_5F$23;LUXEUIL_5F$23;;;LUXEUIL_5F$23;LUXEUIL_5F$23;LUXEUIL_5F$23;LUXEUIL_5F$23;;;LUXEUIL_5F$23;LUXEUIL_5F$23;LUXEUIL_5F$23;LUXEUIL_5F$23;;;LUXEUIL_5F$23;LUXEUIL_5F$23;LUXEUIL_5F$23;LUXEUIL_5F$23;;;LUXEUIL_5F$23;LUXEUIL_5F$23;LUXEUIL_5F$23;LUXEUIL_5F$23;;;LUXEUIL_5F$23;LUXEUIL_5F$23;LUXEUIL_5F$23;LUXEUIL_5F$23;;;;;;;;;;-;-;-;-;-;-;-;-;V10;V10;V10;V10;V10;V10;;;LUXEUIL_5F$23;LUXEUIL_5F$23;LUXEUIL_5F$23;LUXEUIL_5F$23;;;DJIBOUTI_5F$23;DJIBOUTI_5F$23;DJIBOUTI_5F$23;DJIBOUTI_5F$23;;;LUXEUIL_5F$23;LUXEUIL_5F$23;LUXEUIL_5F$23;LUXEUIL_5F$23;;;DJIBOUTI_5F$23;DJIBOUTI_5F$23;DJIBOUTI_5F$23;DJIBOUTI_5F$23;;;LUXEUIL_5F$23;LUXEUIL_5F$23;LUXEUIL_5F$23;LUXEUIL_5F$23;;;;;;;
5F052;;;LUXEUIL_5F$23;LUXEUIL_5F$23;LUXEUIL_5F$23;LUXEUIL_5F$23;;;LUXEUIL_5F$23;LUXEUIL_5F$23;LUXEUIL_5F$23;LUXEUIL_5F$23;;;LUXEUIL_5F$23;LUXEUIL_5F$23;LUXEUIL_5F$23;LUXEUIL_5F$23;;;LUXEUIL_5F$23;LUXEUIL_5F$23;LUXEUIL_5F$23;LUXEUIL_5F$23;;;;;;;;;-;V15;V15;V15;V15;V15;V15;;;LUXEUIL_5F$23;LUXEUIL_5F$23;LUXEUIL_5F$23;LUXEUIL_5F$23;;;DJIBOUTI_5F$23;DJIBOUTI_5F$23;DJIBOUTI_5F$23;DJIBOUTI_5F$23;;;LUXEUIL_5F$23;LUXEUIL_5F$23;LUXEUIL_5F$23;LUXEUIL_5F$23;;;LUXEUIL_5F$23;LUXEUIL_5F$23;LUXEUIL_5F$23;LUXEUIL_5F$23;;;LUXEUIL_5F$23;LUXEUIL_5F$23;LUXEUIL_5F$23;LUXEUIL_5F$23;;;LUXEUIL_5F$23;LUXEUIL_5F$23;LUXEUIL_5F$23;LUXEUIL_5F$23;;;LUXEUIL_5F$23;LUXEUIL_5F$23;LUXEUIL_5F$23;LUXEUIL_5F$23;;;LUXEUIL_5F$23;LUXEUIL_5F$23;LUXEUIL_5F$23;LUXEUIL_5F$23;;;;;;;;;;-;-;V20;V20;V20;V20;V20;V20;;;;
5F054;;;LUXEUIL_5F$23;LUXEUIL_5F$23;LUXEUIL_5F$23;LUXEUIL_5F$23;;;;;;;;;-;-;V10;V10;V10;V10;V10;V10;;;LUXEUIL_5F$23;LUXEUIL_5F$23;LUXEUIL_5F$23;LUXEUIL_5F$23;;;LUXEUIL_5F$23;LUXEUIL_5F$23;LUXEUIL_5F$23;LUXEUIL_5F$23;;;LUXEUIL_5F$23;LUXEUIL_5F$23;LUXEUIL_5F$23;LUXEUIL_5F$23;;;LUXEUIL_5F$23;LUXEUIL_5F$23;LUXEUIL_5F$23;LUXEUIL_5F$23;;;LUXEUIL_5F$23;LUXEUIL_5F$23;LUXEUIL_5F$23;LUXEUIL_5F$23;;;LUXEUIL_5F$23;LUXEUIL_5F$23;LUXEUIL_5F$23;LUXEUIL_5F$23;;;LUXEUIL_5F$23;LUXEUIL_5F$23;LUXEUIL_5F$23;LUXEUIL_5F$23;;;LUXEUIL_5F$23;LUXEUIL_5F$23;LUXEUIL_5F$23;LUXEUIL_5F$23;;;;;;;;;;-;-;V15;V15;V15;V15;V15;V15;;;LUXEUIL_5F$23;LUXEUIL_5F$23;LUXEUIL_5F$23;LUXEUIL_5F$23;;;DJIBOUTI_5F$23;DJIBOUTI_5F$23;DJIBOUTI_5F$23;DJIBOUTI_5F$23;;;LUXEUIL_5F$23;LUXEUIL_5F$23;LUXEUIL_5F$23;LUXEUIL_5F$23;;;
5F055;;;LUXEUIL_5F$23;LUXEUIL_5F$23;LUXEUIL_5F$23;LUXEUIL_5F$23;;;LUXEUIL_5F$23;LUXEUIL_5F$23;LUXEUIL_5F$23;LUXEUIL_5F$23;;;LUXEUIL_5F$23;LUXEUIL_5F$23;LUXEUIL_5F$23;LUXEUIL_5F$23;;;LUXEUIL_5F$23;LUXEUIL_5F$23;LUXEUIL_5F$23;LUXEUIL_5F$23;;;LUXEUIL_5F$23;LUXEUIL_5F$23;LUXEUIL_5F$23;LUXEUIL_5F$23;;;LUXEUIL_5F$23;LUXEUIL_5F$23;LUXEUIL_5F$23;LUXEUIL_5F$23;;;;;;;;-;-;-;-;-;-;V15;V15;V15;V15;V15;V15;;;LUXEUIL_5F$23;LUXEUIL_5F$23;LUXEUIL_5F$23;LUXEUIL_5F$23;;;LUXEUIL_5F$23;LUXEUIL_5F$23;LUXEUIL_5F$23;LUXEUIL_5F$23;;;LUXEUIL_5F$23;LUXEUIL_5F$23;LUXEUIL_5F$23;LUXEUIL_5F$23;;;LUXEUIL_5F$23;LUXEUIL_5F$23;LUXEUIL_5F$23;LUXEUIL_5F$23;;;LUXEUIL_5F$23;LUXEUIL_5F$23;LUXEUIL_5F$23;LUXEUIL_5F$23;;;LUXEUIL_5F$23;LUXEUIL_5F$23;LUXEUIL_5F$23;LUXEUIL_5F$23;;;LUXEUIL_5F$23;LUXEUIL_5F$23;LUXEUIL_5F$23;LUXEUIL_5F$23;;;LUXEUIL_5F$23;LUXEUIL_5F$23;LUXEUIL_5F$23;LUXEUIL_5F$23;;;;;
5F056;;;;;LUXEUIL_5F$23;LUXEUIL_5F$23;LUXEUIL_5F$23;LUXEUIL_5F$23;;;;;;;;;-;-;V20;V20;V20;V20;V20;V20;;;LUXEUIL_5F$23;LUXEUIL_5F$23;LUXEUIL_5F$23;LUXEUIL_5F$23;;;LUXEUIL_5F$23;LUXEUIL_5F$23;LUXEUIL_5F$23;LUXEUIL_5F$23;;;LUXEUIL_5F$23;LUXEUIL_5F$23;LUXEUIL_5F$23;LUXEUIL_5F$23;;;LUXEUIL_5F$23;LUXEUIL_5F$23;LUXEUIL_5F$23;LUXEUIL_5F$23;;;LUXEUIL_5F$23;LUXEUIL_5F$23;LUXEUIL_5F$23;LUXEUIL_5F$23;;;LUXEUIL_5F$23;LUXEUIL_5F$23;LUXEUIL_5F$23;LUXEUIL_5F$23;;;LUXEUIL_5F$23;LUXEUIL_5F$23;LUXEUIL_5F$23;LUXEUIL_5F$23;;;LUXEUIL_5F$23;LUXEUIL_5F$23;LUXEUIL_5F$23;LUXEUIL_5F$23;;;;;;;;;;-;-;V25;V25;V25;V25;V25;V25;;;DJIBOUTI_5F$23;DJIBOUTI_5F$23;DJIBOUTI_5F$23;DJIBOUTI_5F$23;;;LUXEUIL_5F$23;LUXEUIL_5F$23;LUXEUIL_5F$23;LUXEUIL_5F$23;;;;;;;
5F057;;;LUXEUIL_5F$23;LUXEUIL_5F$23;LUXEUIL_5F$23;LUXEUIL_5F$23;;;LUXEUIL_5F$23;LUXEUIL_5F$23;LUXEUIL_5F$23;LUXEUIL_5F$23;;;LUXEUIL_5F$23;LUXEUIL_5F$23;LUXEUIL_5F$23;LUXEUIL_5F$23;;;LUXEUIL_5F$23;LUXEUIL_5F$23;LUXEUIL_5F$23;LUXEUIL_5F$23;;;LUXEUIL_5F$23;LUXEUIL_5F$23;LUXEUIL_5F$23;LUXEUIL_5F$23;;;LUXEUIL_5F$23;LUXEUIL_5F$23;LUXEUIL_5F$23;LUXEUIL_5F$23;;;LUXEUIL_5F$23;LUXEUIL_5F$23;LUXEUIL_5F$23;LUXEUIL_5F$23;;;LUXEUIL_5F$23;LUXEUIL_5F$23;LUXEUIL_5F$23;LUXEUIL_5F$23;;;;;;;;;;-;-;V15;V15;V15;V15;V15;V15;;;DJIBOUTI_5F$23;DJIBOUTI_5F$23;DJIBOUTI_5F$23;DJIBOUTI_5F$23;;;LUXEUIL_5F$23;LUXEUIL_5F$23;LUXEUIL_5F$23;LUXEUIL_5F$23;;;LUXEUIL_5F$23;LUXEUIL_5F$23;LUXEUIL_5F$23;LUXEUIL_5F$23;;;LUXEUIL_5F$23;LUXEUIL_5F$23;LUXEUIL_5F$23;LUXEUIL_5F$23;;;LUXEUIL_5F$23;LUXEUIL_5F$23;LUXEUIL_5F$23;LUXEUIL_5F$23;;;LUXEUIL_5F$23;LUXEUIL_5F$23;LUXEUIL_5F$23;LUXEUIL_5F$23;;;;;;;
5F058;;;LUXEUIL_5F$23;LUXEUIL_5F$23;LUXEUIL_5F$23;LUXEUIL_5F$23;;;LUXEUIL_5F$23;LUXEUIL_5F$23;LUXEUIL_5F$23;LUXEUIL_5F$23;;;DJIBOUTI_5F$23;DJIBOUTI_5F$23;DJIBOUTI_5F$23;DJIBOUTI_5F$23;;;DJIBOUTI_5F$23;DJIBOUTI_5F$23;DJIBOUTI_5F$23;DJIBOUTI_5F$23;V20;V20;V20;V20;V20;V20;;;LUXEUIL_5F$23;LUXEUIL_5F$23;LUXEUIL_5F$23;LUXEUIL_5F$23;;;LUXEUIL_5F$23;LUXEUIL_5F$23;LUXEUIL_5F$23;LUXEUIL_5F$23;;;LUXEUIL_5F$23;LUXEUIL_5F$23;LUXEUIL_5F$23;LUXEUIL_5F$23;;;LUXEUIL_5F$23;LUXEUIL_5F$23;LUXEUIL_5F$23;LUXEUIL_5F$23;;;LUXEUIL_5F$23;LUXEUIL_5F$23;LUXEUIL_5F$23;LUXEUIL_5F$23;;;LUXEUIL_5F$23;LUXEUIL_5F$23;LUXEUIL_5F$23;LUXEUIL_5F$23;;;LUXEUIL_5F$23;LUXEUIL_5F$23;LUXEUIL_5F$23;LUXEUIL_5F$23;;;LUXEUIL_5F$23;LUXEUIL_5F$23;LUXEUIL_5F$23;LUXEUIL_5F$23;;;;;;;;;;-;-;V25;V25;V25;V25;V25;V25;;;LUXEUIL_5F$23;LUXEUIL_5F$23;LUXEUIL_5F$23;LUXEUIL_5F$23;;;;;;;
5F059;;;LUXEUIL_5F$23;LUXEUIL_5F$23;LUXEUIL_5F$23;LUXEUIL_5F$23;;;LUXEUIL_5F$23;LUXEUIL_5F$23;LUXEUIL_5F$23;LUXEUIL_5F$23;;;LUXEUIL_5F$23;LUXEUIL_5F$23;LUXEUIL_5F$23;LUXEUIL_5F$23;;;LUXEUIL_5F$23;LUXEUIL_5F$23;LUXEUIL_5F$23;LUXEUIL_5F$23;;;LUXEUIL_5F$23;LUXEUIL_5F$23;LUXEUIL_5F$23;LUXEUIL_5F$23;;;;;;;;;;;;;-;-;-;-;V15;V15;V15;V15;V15;V15;;;DJIBOUTI_5F$23;DJIBOUTI_5F$23;DJIBOUTI_5F$23;DJIBOUTI_5F$23;;;DJIBOUTI_5F$23;DJIBOUTI_5F$23;DJIBOUTI_5F$23;DJIBOUTI_5F$23;;;DJIBOUTI_5F$23;DJIBOUTI_5F$23;DJIBOUTI_5F$23;DJIBOUTI_5F$23;;;DJIBOUTI_5F$23;DJIBOUTI_5F$23;DJIBOUTI_5F$23;DJIBOUTI_5F$23;;;DJIBOUTI_5F$23;DJIBOUTI_5F$23;DJIBOUTI_5F$23;DJIBOUTI_5F$23;;;DJIBOUTI_5F$23;DJIBOUTI_5F$23;DJIBOUTI_5F$23;DJIBOUTI_5F$23;;;DJIBOUTI_5F$23;DJIBOUTI_5F$23;DJIBOUTI_5F$23;DJIBOUTI_5F$23;;;LUXEUIL_5F$23;LUXEUIL_5F$23;LUXEUIL_5F$23;LUXEUIL_5F$23;;;;;;;;
5F061;;;DJIBOUTI_5F$23;DJIBOUTI_5F$23;DJIBOUTI_5F$23;DJIBOUTI_5F$23;;;LUXEUIL_5F$23;LUXEUIL_5F$23;LUXEUIL_5F$23;LUXEUIL_5F$23;;;DJIBOUTI_5F$23;DJIBOUTI_5F$23;DJIBOUTI_5F$23;DJIBOUTI_5F$23;;V20;V20;V20;V20;V20;V20;;;DJIBOUTI_5F$23;DJIBOUTI_5F$23;DJIBOUTI_5F$23;DJIBOUTI_5F$23;;;LUXEUIL_5F$23;LUXEUIL_5F$23;LUXEUIL_5F$23;LUXEUIL_5F$23;;;DJIBOUTI_5F$23;DJIBOUTI_5F$23;DJIBOUTI_5F$23;DJIBOUTI_5F$23;;;LUXEUIL_5F$23;LUXEUIL_5F$23;LUXEUIL_5F$23;LUXEUIL_5F$23;;;DJIBOUTI_5F$23;DJIBOUTI_5F$23;DJIBOUTI_5F$23;DJIBOUTI_5F$23;;;LUXEUIL_5F$23;LUXEUIL_5F$23;LUXEUIL_5F$23;LUXEUIL_5F$23;;;LUXEUIL_5F$23;LUXEUIL_5F$23;LUXEUIL_5F$23;LUXEUIL_5F$23;;;LUXEUIL_5F$23;LUXEUIL_5F$23;LUXEUIL_5F$23;LUXEUIL_5F$23;;;;;;;;;;-;-;V25;V25;V25;V25;V25;V25;;;DJIBOUTI_5F$23;DJIBOUTI_5F$23;DJIBOUTI_5F$23;DJIBOUTI_5F$23;;;DJIBOUTI_5F$23;DJIBOUTI_5F$23;DJIBOUTI_5F$23;DJIBOUTI_5F$23;;;;;;
5F062;;;LUXEUIL_5F$23;LUXEUIL_5F$23;LUXEUIL_5F$23;LUXEUIL_5F$23;;;LUXEUIL_5F$23;LUXEUIL_5F$23;LUXEUIL_5F$23;LUXEUIL_5F$23;;;LUXEUIL_5F$23;LUXEUIL_5F$23;LUXEUIL_5F$23;LUXEUIL_5F$23;;;LUXEUIL_5F$23;LUXEUIL_5F$23;LUXEUIL_5F$23;LUXEUIL_5F$23;;;LUXEUIL_5F$23;LUXEUIL_5F$23;LUXEUIL_5F$23;LUXEUIL_5F$23;;;LUXEUIL_5F$23;LUXEUIL_5F$23;LUXEUIL_5F$23;LUXEUIL_5F$23;;;LUXEUIL_5F$23;LUXEUIL_5F$23;LUXEUIL_5F$23;LUXEUIL_5F$23;;;;;;;;;;V15;V15;V15;V15;V15;V15;;;DJIBOUTI_5F$23;DJIBOUTI_5F$23;DJIBOUTI_5F$23;DJIBOUTI_5F$23;;;LUXEUIL_5F$23;LUXEUIL_5F$23;LUXEUIL_5F$23;LUXEUIL_5F$23;;;LUXEUIL_5F$23;LUXEUIL_5F$23;LUXEUIL_5F$23;LUXEUIL_5F$23;;;LUXEUIL_5F$23;LUXEUIL_5F$23;LUXEUIL_5F$23;LUXEUIL_5F$23;;;LUXEUIL_5F$23;LUXEUIL_5F$23;LUXEUIL_5F$23;LUXEUIL_5F$23;;;LUXEUIL_5F$23;LUXEUIL_5F$23;LUXEUIL_5F$23;LUXEUIL_5F$23;;;LUXEUIL_5F$23;LUXEUIL_5F$23;LUXEUIL_5F$23;LUXEUIL_5F$23;;;LUXEUIL_5F$23;LUXEUIL_5F$23;LUXEUIL_5F$23;LUXEUIL_5F$23;;;
5F063;;;LUXEUIL_5F$23;LUXEUIL_5F$23;LUXEUIL_5F$23;LUXEUIL_5F$23;;;;;;;;;;;V5;V5;V5;V5;V5;V5;;;LUXEUIL_5F$23;LUXEUIL_5F$23;LUXEUIL_5F$23;LUXEUIL_5F$23;;;LUXEUIL_5F$23;LUXEUIL_5F$23;LUXEUIL_5F$23;LUXEUIL_5F$23;;;LUXEUIL_5F$23;LUXEUIL_5F$23;LUXEUIL_5F$23;LUXEUIL_5F$23;;;LUXEUIL_5F$23;LUXEUIL_5F$23;LUXEUIL_5F$23;LUXEUIL_5F$23;;;LUXEUIL_5F$23;LUXEUIL_5F$23;LUXEUIL_5F$23;LUXEUIL_5F$23;;;LUXEUIL_5F$23;LUXEUIL_5F$23;LUXEUIL_5F$23;LUXEUIL_5F$23;;;LUXEUIL_5F$23;LUXEUIL_5F$23;LUXEUIL_5F$23;LUXEUIL_5F$23;;;LUXEUIL_5F$23;LUXEUIL_5F$23;LUXEUIL_5F$23;LUXEUIL_5F$23;;;;;;;;;;-;-;V10;V10;V10;V10;V10;V10;;;LUXEUIL_5F$23;LUXEUIL_5F$23;LUXEUIL_5F$23;LUXEUIL_5F$23;;;LUXEUIL_5F$23;LUXEUIL_5F$23;LUXEUIL_5F$23;LUXEUIL_5F$23;;;LUXEUIL_5F$23;LUXEUIL_5F$23;LUXEUIL_5F$23;LUXEUIL_5F$23;;;
5F065;;;LUXEUIL_5F$23;LUXEUIL_5F$23;LUXEUIL_5F$23;LUXEUIL_5F$23;;;LUXEUIL_5F$23;LUXEUIL_5F$23;LUXEUIL_5F$23;LUXEUIL_5F$23;;;LUXEUIL_5F$23;LUXEUIL_5F$23;LUXEUIL_5F$23;LUXEUIL_5F$23;;;LUXEUIL_5F$23;LUXEUIL_5F$23;LUXEUIL_5F$23;LUXEUIL_5F$23;;;LUXEUIL_5F$23;LUXEUIL_5F$23;LUXEUIL_5F$23;LUXEUIL_5F$23;;;LUXEUIL_5F$23;LUXEUIL_5F$23;LUXEUIL_5F$23;LUXEUIL_5F$23;;;LUXEUIL_5F$23;LUXEUIL_5F$23;LUXEUIL_5F$23;LUXEUIL_5F$23;;;LUXEUIL_5F$23;LUXEUIL_5F$23;LUXEUIL_5F$23;LUXEUIL_5F$23;;;;;;;-;V15;V15;V15;V15;V15;V15;;;DJIBOUTI_5F$23;DJIBOUTI_5F$23;DJIBOUTI_5F$23;DJIBOUTI_5F$23;;;LUXEUIL_5F$23;LUXEUIL_5F$23;LUXEUIL_5F$23;LUXEUIL_5F$23;;;DJIBOUTI_5F$23;DJIBOUTI_5F$23;DJIBOUTI_5F$23;DJIBOUTI_5F$23;;;LUXEUIL_5F$23;LUXEUIL_5F$23;LUXEUIL_5F$23;LUXEUIL_5F$23;;;LUXEUIL_5F$23;LUXEUIL_5F$23;LUXEUIL_5F$23;LUXEUIL_5F$23;;;LUXEUIL_5F$23;LUXEUIL_5F$23;LUXEUIL_5F$23;LUXEUIL_5F$23;;;DJIBOUTI_5F$23;DJIBOUTI_5F$23;DJIBOUTI_5F$23;DJIBOUTI_5F$23;;;;;
5F066;;;;;;;;;;;;;-;-;-;-;-;-;-;-;-;-;-;-;-;-;-;-;-;-;-;-;-;-;-;-;-;-;-;-;-;-;-;-;-;-;-;-;-;-;-;-;-;-;-;-;-;-;-;-;-;-;-;-;-;V5;V5;V5;V5;V5;V5;;;LUXEUIL_5F$23;LUXEUIL_5F$23;LUXEUIL_5F$23;LUXEUIL_5F$23;;;LUXEUIL_5F$23;LUXEUIL_5F$23;LUXEUIL_5F$23;LUXEUIL_5F$23;;;LUXEUIL_5F$23;LUXEUIL_5F$23;LUXEUIL_5F$23;LUXEUIL_5F$23;;;LUXEUIL_5F$23;LUXEUIL_5F$23;LUXEUIL_5F$23;LUXEUIL_5F$23;;;LUXEUIL_5F$23;LUXEUIL_5F$23;LUXEUIL_5F$23;LUXEUIL_5F$23;;;;;;;
5F067;;;LUXEUIL_5F$23;LUXEUIL_5F$23;LUXEUIL_5F$23;LUXEUIL_5F$23;;;LUXEUIL_5F$23;LUXEUIL_5F$23;LUXEUIL_5F$23;LUXEUIL_5F$23;;;LUXEUIL_5F$23;LUXEUIL_5F$23;LUXEUIL_5F$23;LUXEUIL_5F$23;;;LUXEUIL_5F$23;LUXEUIL_5F$23;LUXEUIL_5F$23;LUXEUIL_5F$23;;;DJIBOUTI_5F$23;DJIBOUTI_5F$23;DJIBOUTI_5F$23;DJIBOUTI_5F$23;;;LUXEUIL_5F$23;LUXEUIL_5F$23;LUXEUIL_5F$23;LUXEUIL_5F$23;;;DJIBOUTI_5F$23;DJIBOUTI_5F$23;DJIBOUTI_5F$23;DJIBOUTI_5F$23;;;DJIBOUTI_5F$23;DJIBOUTI_5F$23;DJIBOUTI_5F$23;DJIBOUTI_5F$23;;;V5;V5;V5;V5;V5;V5;;;DJIBOUTI_5F$23;DJIBOUTI_5F$23;DJIBOUTI_5F$23;DJIBOUTI_5F$23;;;DJIBOUTI_5F$23;DJIBOUTI_5F$23;DJIBOUTI_5F$23;DJIBOUTI_5F$23;;;DJIBOUTI_5F$23;DJIBOUTI_5F$23;DJIBOUTI_5F$23;DJIBOUTI_5F$23;;;LUXEUIL_5F$23;LUXEUIL_5F$23;LUXEUIL_5F$23;LUXEUIL_5F$23;;;DJIBOUTI_5F$23;DJIBOUTI_5F$23;DJIBOUTI_5F$23;DJIBOUTI_5F$23;;;LUXEUIL_5F$23;LUXEUIL_5F$23;LUXEUIL_5F$23;LUXEUIL_5F$23;;;LUXEUIL_5F$23;LUXEUIL_5F$23;LUXEUIL_5F$23;LUXEUIL_5F$23;;;LUXEUIL_5F$23;LUXEUIL_5F$23;LUXEUIL_5F$23;LUXEUIL_5F$23;;;;
5F071;;;LUXEUIL_5F$23;LUXEUIL_5F$23;LUXEUIL_5F$23;LUXEUIL_5F$23;;;LUXEUIL_5F$23;LUXEUIL_5F$23;LUXEUIL_5F$23;LUXEUIL_5F$23;;;LUXEUIL_5F$23;LUXEUIL_5F$23;LUXEUIL_5F$23;LUXEUIL_5F$23;;;LUXEUIL_5F$23;LUXEUIL_5F$23;LUXEUIL_5F$23;LUXEUIL_5F$23;;;LUXEUIL_5F$23;LUXEUIL_5F$23;LUXEUIL_5F$23;LUXEUIL_5F$23;;;LUXEUIL_5F$23;LUXEUIL_5F$23;LUXEUIL_5F$23;LUXEUIL_5F$23;;;;;;;V15;V15;V15;V15;V15;V15;;;DJIBOUTI_5F$23;DJIBOUTI_5F$23;DJIBOUTI_5F$23;DJIBOUTI_5F$23;;;LUXEUIL_5F$23;LUXEUIL_5F$23;LUXEUIL_5F$23;LUXEUIL_5F$23;;;LUXEUIL_5F$23;LUXEUIL_5F$23;LUXEUIL_5F$23;LUXEUIL_5F$23;;;LUXEUIL_5F$23;LUXEUIL_5F$23;LUXEUIL_5F$23;LUXEUIL_5F$23;;;LUXEUIL_5F$23;LUXEUIL_5F$23;LUXEUIL_5F$23;LUXEUIL_5F$23;;;LUXEUIL_5F$23;LUXEUIL_5F$23;LUXEUIL_5F$23;LUXEUIL_5F$23;;;LUXEUIL_5F$23;LUXEUIL_5F$23;LUXEUIL_5F$23;LUXEUIL_5F$23;;;LUXEUIL_5F$23;LUXEUIL_5F$23;LUXEUIL_5F$23;LUXEUIL_5F$23;;;;;;;;;;;;
5F074;;;LUXEUIL_5F$23;LUXEUIL_5F$23;LUXEUIL_5F$23;LUXEUIL_5F$23;;;LUXEUIL_5F$23;LUXEUIL_5F$23;LUXEUIL_5F$23;LUXEUIL_5F$23;;;LUXEUIL_5F$23;LUXEUIL_5F$23;LUXEUIL_5F$23;LUXEUIL_5F$23;;;;;;V15;V15;V15;V15;V15;V15;;;DJIBOUTI_5F$23;DJIBOUTI_5F$23;DJIBOUTI_5F$23;DJIBOUTI_5F$23;;;LUXEUIL_5F$23;LUXEUIL_5F$23;LUXEUIL_5F$23;LUXEUIL_5F$23;;;LUXEUIL_5F$23;LUXEUIL_5F$23;LUXEUIL_5F$23;LUXEUIL_5F$23;;;LUXEUIL_5F$23;LUXEUIL_5F$23;LUXEUIL_5F$23;LUXEUIL_5F$23;;;LUXEUIL_5F$23;LUXEUIL_5F$23;LUXEUIL_5F$23;LUXEUIL_5F$23;;;LUXEUIL_5F$23;LUXEUIL_5F$23;LUXEUIL_5F$23;LUXEUIL_5F$23;;;LUXEUIL_5F$23;LUXEUIL_5F$23;LUXEUIL_5F$23;LUXEUIL_5F$23;;;LUXEUIL_5F$23;LUXEUIL_5F$23;LUXEUIL_5F$23;LUXEUIL_5F$23;;;;;;;;;;-;-;V20;V20;V20;V20;V20;V20;;;DJIBOUTI_5F$23;DJIBOUTI_5F$23;DJIBOUTI_5F$23;DJIBOUTI_5F$23;;;LUXEUIL_5F$23;LUXEUIL_5F$23;LUXEUIL_5F$23;LUXEUIL_5F$23;;
5F077;;;;;DJIBOUTI_5F$23;DJIBOUTI_5F$23;DJIBOUTI_5F$23;DJIBOUTI_5F$23;;;DJIBOUTI_5F$23;DJIBOUTI_5F$23;DJIBOUTI_5F$23;DJIBOUTI_5F$23;;;DJIBOUTI_5F$23;DJIBOUTI_5F$23;DJIBOUTI_5F$23;DJIBOUTI_5F$23;;;DJIBOUTI_5F$23;DJIBOUTI_5F$23;DJIBOUTI_5F$23;DJIBOUTI_5F$23;;;LUXEUIL_5F$23;LUXEUIL_5F$23;LUXEUIL_5F$23;LUXEUIL_5F$23;;;DJIBOUTI_5F$23;DJIBOUTI_5F$23;DJIBOUTI_5F$23;DJIBOUTI_5F$23;;;LUXEUIL_5F$23;LUXEUIL_5F$23;LUXEUIL_5F$23;LUXEUIL_5F$23;;;LUXEUIL_5F$23;LUXEUIL_5F$23;LUXEUIL_5F$23;LUXEUIL_5F$23;;;;;;;;-;-;-;-;-;-;-;-;-;-;-;-;V5;V5;V5;V5;V5;V5;;;LUXEUIL_5F$23;LUXEUIL_5F$23;LUXEUIL_5F$23;LUXEUIL_5F$23;;;DJIBOUTI_5F$23;DJIBOUTI_5F$23;DJIBOUTI_5F$23;DJIBOUTI_5F$23;;;LUXEUIL_5F$23;LUXEUIL_5F$23;LUXEUIL_5F$23;LUXEUIL_5F$23;;;LUXEUIL_5F$23;LUXEUIL_5F$23;LUXEUIL_5F$23;LUXEUIL_5F$23;;;LUXEUIL_5F$23;LUXEUIL_5F$23;LUXEUIL_5F$23;LUXEUIL_5F$23;;;
5F078;;;LUXEUIL_5F$23;LUXEUIL_5F$23;LUXEUIL_5F$23;LUXEUIL_5F$23;;;LUXEUIL_5F$23;LUXEUIL_5F$23;LUXEUIL_5F$23;LUXEUIL_5F$23;;;LUXEUIL_5F$23;LUXEUIL_5F$23;LUXEUIL_5F$23;LUXEUIL_5F$23;;;LUXEUIL_5F$23;LUXEUIL_5F$23;LUXEUIL_5F$23;LUXEUIL_5F$23;;;LUXEUIL_5F$23;LUXEUIL_5F$23;LUXEUIL_5F$23;LUXEUIL_5F$23;;;LUXEUIL_5F$23;LUXEUIL_5F$23;LUXEUIL_5F$23;LUXEUIL_5F$23;;;LUXEUIL_5F$23;LUXEUIL_5F$23;LUXEUIL_5F$23;LUXEUIL_5F$23;;;LUXEUIL_5F$23;LUXEUIL_5F$23;LUXEUIL_5F$23;LUXEUIL_5F$23;;;;;;;V5;V5;V5;V5;V5;V5;;;DJIBOUTI_5F$23;DJIBOUTI_5F$23;DJIBOUTI_5F$23;DJIBOUTI_5F$23;;;DJIBOUTI_5F$23;DJIBOUTI_5F$23;DJIBOUTI_5F$23;DJIBOUTI_5F$23;;;DJIBOUTI_5F$23;DJIBOUTI_5F$23;DJIBOUTI_5F$23;DJIBOUTI_5F$23;;;DJIBOUTI_5F$23;DJIBOUTI_5F$23;DJIBOUTI_5F$23;DJIBOUTI_5F$23;;;DJIBOUTI_5F$23;DJIBOUTI_5F$23;DJIBOUTI_5F$23;DJIBOUTI_5F$23;;;LUXEUIL_5F$23;LUXEUIL_5F$23;LUXEUIL_5F$23;LUXEUIL_5F$23;;;LUXEUIL_5F$23;LUXEUIL_5F$23;LUXEUIL_5F$23;LUXEUIL_5F$23;;;;;;
